subjectSlug,subjectName,classLevel,department,topic,difficulty,stem,optionA,optionB,optionC,optionD,correctIndex,explanation,source
mathematics,Mathematics,ss2,general,Arithmetic,1,Add: 242 + 323,665,565,555,575,1,242 + 323 = 565.,jamb-style
mathematics,Mathematics,ss2,general,Arithmetic,1,Add: 407 + 635,1032,1052,1042,1142,2,407 + 635 = 1042.,jamb-style
mathematics,Mathematics,ss2,general,Arithmetic,1,Add: 372 + 620,992,1002,1092,982,0,372 + 620 = 992.,jamb-style
mathematics,Mathematics,ss2,general,Arithmetic,1,Add: 128 + 397,625,535,515,525,3,128 + 397 = 525.,jamb-style
mathematics,Mathematics,ss2,general,Arithmetic,1,Add: 881 + 607,1488,1478,1588,1498,0,881 + 607 = 1488.,jamb-style
mathematics,Mathematics,ss2,general,Arithmetic,1,Add: 349 + 664,1023,1113,1013,1003,2,349 + 664 = 1013.,jamb-style
mathematics,Mathematics,ss2,general,Arithmetic,1,Add: 178 + 816,1004,1094,984,994,3,178 + 816 = 994.,jamb-style
mathematics,Mathematics,ss2,general,Arithmetic,1,Add: 210 + 488,698,688,708,798,0,210 + 488 = 698.,jamb-style
mathematics,Mathematics,ss2,general,Arithmetic,1,Subtract: 702 − 187,515,505,525,615,0,702 − 187 = 515.,jamb-style
mathematics,Mathematics,ss2,general,Arithmetic,1,Subtract: 400 − 188,222,212,312,202,1,400 − 188 = 212.,jamb-style
mathematics,Mathematics,ss2,general,Arithmetic,1,Subtract: 472 − 103,369,469,359,379,0,472 − 103 = 369.,jamb-style
mathematics,Mathematics,ss2,general,Arithmetic,1,Subtract: 785 − 182,603,593,703,613,0,785 − 182 = 603.,jamb-style
mathematics,Mathematics,ss2,general,Arithmetic,1,Subtract: 793 − 160,733,623,643,633,3,793 − 160 = 633.,jamb-style
mathematics,Mathematics,ss2,general,Arithmetic,1,Subtract: 291 − 115,276,186,176,166,2,291 − 115 = 176.,jamb-style
mathematics,Mathematics,ss2,general,Arithmetic,1,Subtract: 775 − 156,719,609,629,619,3,775 − 156 = 619.,jamb-style
mathematics,Mathematics,ss2,general,Arithmetic,1,Subtract: 843 − 147,796,686,696,706,2,843 − 147 = 696.,jamb-style
mathematics,Mathematics,ss2,general,Arithmetic,2,Multiply: 25 × 28,753,672,725,700,3,25 × 28 = 700.,jamb-style
mathematics,Mathematics,ss2,general,Arithmetic,2,Multiply: 16 × 25,400,416,441,375,0,16 × 25 = 400.,jamb-style
mathematics,Mathematics,ss2,general,Arithmetic,2,Multiply: 20 × 12,240,272,260,228,0,20 × 12 = 240.,jamb-style
mathematics,Mathematics,ss2,general,Arithmetic,2,Multiply: 16 × 15,271,240,256,225,1,16 × 15 = 240.,jamb-style
mathematics,Mathematics,ss2,general,Arithmetic,2,Multiply: 20 × 22,418,440,460,482,1,20 × 22 = 440.,jamb-style
mathematics,Mathematics,ss2,general,Arithmetic,2,Multiply: 26 × 28,754,782,728,700,2,26 × 28 = 728.,jamb-style
mathematics,Mathematics,ss2,general,Arithmetic,2,Multiply: 22 × 17,374,357,396,413,0,22 × 17 = 374.,jamb-style
mathematics,Mathematics,ss2,general,Arithmetic,2,Multiply: 25 × 26,624,701,650,675,2,25 × 26 = 650.,jamb-style
mathematics,Mathematics,ss2,general,Fractions,2,Add and simplify: 5/10 + 3/5,12/10,11/11,11/10,8/15,2,5/10 + 3/5 = 11/10.,jamb-style
mathematics,Mathematics,ss2,general,Fractions,2,Add and simplify: 5/8 + 1/4,8/8,7/9,7/8,6/12,2,5/8 + 1/4 = 7/8.,jamb-style
mathematics,Mathematics,ss2,general,Fractions,2,Add and simplify: 4/6 + 1/8,19/25,5/14,19/24,20/24,2,4/6 + 1/8 = 19/24.,jamb-style
mathematics,Mathematics,ss2,general,Fractions,2,Add and simplify: 9/12 + 9/12,3/2,18/24,4/2,3/3,0,9/12 + 9/12 = 3/2.,jamb-style
mathematics,Mathematics,ss2,general,Fractions,2,Add and simplify: 1/5 + 2/5,4/5,3/10,3/5,3/6,2,1/5 + 2/5 = 3/5.,jamb-style
mathematics,Mathematics,ss2,general,Fractions,2,Add and simplify: 5/12 + 2/4,12/12,11/13,7/16,11/12,3,5/12 + 2/4 = 11/12.,jamb-style
mathematics,Mathematics,ss2,general,Fractions,1,Express 7/12 as a mixed number,7 12/7,0 8/12,0 7/12,1 7/12,2,7 ÷ 12 gives 0 remainder 7.,jamb-style
mathematics,Mathematics,ss2,general,Fractions,1,Express 5/5 as a mixed number,2 0/5,1 1/5,5 5/1,1,3,5 ÷ 5 gives 1 remainder 0.,jamb-style
mathematics,Mathematics,ss2,general,Fractions,1,Express 8/6 as a mixed number,2 1/6,1 2/6,8 6/1,1 1/6,3,8 ÷ 6 gives 1 remainder 1.,jamb-style
mathematics,Mathematics,ss2,general,Fractions,1,Express 2/8 as a mixed number,2 8/1,0 1/8,0 2/8,1 1/8,1,2 ÷ 8 gives 0 remainder 1.,jamb-style
mathematics,Mathematics,ss2,general,Fractions,1,Express 3/6 as a mixed number,3 6/1,1 1/6,0 2/6,0 1/6,3,3 ÷ 6 gives 0 remainder 1.,jamb-style
mathematics,Mathematics,ss2,general,Fractions,1,Express 3/9 as a mixed number,0 2/9,1 1/9,3 9/1,0 1/9,3,3 ÷ 9 gives 0 remainder 1.,jamb-style
mathematics,Mathematics,ss2,general,Percentage,1,Find 10% of 500,100,60,0,50,3,10% × 500 = 50.,jamb-style
mathematics,Mathematics,ss2,general,Percentage,1,Find 40% of 40,12,20,26,16,3,40% × 40 = 16.,jamb-style
mathematics,Mathematics,ss2,general,Percentage,1,Find 25% of 120,18,42,30,40,2,25% × 120 = 30.,jamb-style
mathematics,Mathematics,ss2,general,Percentage,1,Find 40% of 80,32,24,40,42,0,40% × 80 = 32.,jamb-style
mathematics,Mathematics,ss2,general,Percentage,1,Find 75% of 40,30,34,26,40,0,75% × 40 = 30.,jamb-style
mathematics,Mathematics,ss2,general,Percentage,1,Find 75% of 120,102,90,78,100,1,75% × 120 = 90.,jamb-style
mathematics,Mathematics,ss2,general,Percentage,1,Find 40% of 240,72,106,96,120,2,40% × 240 = 96.,jamb-style
mathematics,Mathematics,ss2,general,Percentage,1,Find 40% of 600,180,250,240,300,2,40% × 600 = 240.,jamb-style
mathematics,Mathematics,ss2,general,Percentage,1,Find 40% of 500,250,150,200,210,2,40% × 500 = 200.,jamb-style
mathematics,Mathematics,ss2,general,Percentage,1,Find 5% of 80,-4,9,4,12,2,5% × 80 = 4.,jamb-style
mathematics,Mathematics,ss2,general,Percentage,1,Find 60% of 240,154,120,144,168,2,60% × 240 = 144.,jamb-style
mathematics,Mathematics,ss2,general,Percentage,1,Find 60% of 80,40,56,58,48,3,60% × 80 = 48.,jamb-style
mathematics,Mathematics,ss2,general,Percentage,1,Find 20% of 500,150,110,50,100,3,20% × 500 = 100.,jamb-style
mathematics,Mathematics,ss2,general,Percentage,1,Find 25% of 300,85,45,75,105,2,25% × 300 = 75.,jamb-style
mathematics,Mathematics,ss2,general,Percentage,2,A trader buys an item for ₦1200 and increases the price by 5%. New price?,₦60,₦1260,₦1140,₦1360,1,Increase = 5% × 1200 = ₦60; new price = ₦1260.,jamb-style
mathematics,Mathematics,ss2,general,Percentage,2,A trader buys an item for ₦250 and increases the price by 20%. New price?,₦200,₦400,₦300,₦50,2,Increase = 20% × 250 = ₦50; new price = ₦300.,jamb-style
mathematics,Mathematics,ss2,general,Percentage,2,A trader buys an item for ₦1500 and increases the price by 10%. New price?,₦1650,₦1350,₦150,₦1750,0,Increase = 10% × 1500 = ₦150; new price = ₦1650.,jamb-style
mathematics,Mathematics,ss2,general,Percentage,2,A trader buys an item for ₦1500 and increases the price by 25%. New price?,₦1875,₦375,₦1975,₦1125,0,Increase = 25% × 1500 = ₦375; new price = ₦1875.,jamb-style
mathematics,Mathematics,ss2,general,Percentage,2,A trader buys an item for ₦1200 and increases the price by 25%. New price?,₦900,₦1500,₦300,₦1600,1,Increase = 25% × 1200 = ₦300; new price = ₦1500.,jamb-style
mathematics,Mathematics,ss2,general,Percentage,2,A trader buys an item for ₦200 and increases the price by 25%. New price?,₦50,₦350,₦250,₦150,2,Increase = 25% × 200 = ₦50; new price = ₦250.,jamb-style
mathematics,Mathematics,ss2,general,Percentage,2,A trader buys an item for ₦400 and increases the price by 20%. New price?,₦480,₦320,₦80,₦580,0,Increase = 20% × 400 = ₦80; new price = ₦480.,jamb-style
mathematics,Mathematics,ss2,general,Percentage,2,A trader buys an item for ₦400 and increases the price by 5%. New price?,₦420,₦20,₦380,₦520,0,Increase = 5% × 400 = ₦20; new price = ₦420.,jamb-style
mathematics,Mathematics,ss2,general,Percentage,2,A trader buys an item for ₦400 and increases the price by 25%. New price?,₦100,₦600,₦500,₦300,2,Increase = 25% × 400 = ₦100; new price = ₦500.,jamb-style
mathematics,Mathematics,ss2,general,Percentage,2,A trader buys an item for ₦2000 and increases the price by 20%. New price?,₦400,₦2400,₦1600,₦2500,1,Increase = 20% × 2000 = ₦400; new price = ₦2400.,jamb-style
mathematics,Mathematics,ss2,general,Percentage,2,A trader buys an item for ₦5000 and increases the price by 5%. New price?,₦250,₦4750,₦5250,₦5350,2,Increase = 5% × 5000 = ₦250; new price = ₦5250.,jamb-style
mathematics,Mathematics,ss2,general,Percentage,2,A trader buys an item for ₦1200 and increases the price by 20%. New price?,₦1540,₦960,₦1440,₦240,2,Increase = 20% × 1200 = ₦240; new price = ₦1440.,jamb-style
mathematics,Mathematics,ss2,general,Percentage,2,A trader buys an item for ₦2500 and increases the price by 20%. New price?,₦2000,₦3000,₦500,₦3100,1,Increase = 20% × 2500 = ₦500; new price = ₦3000.,jamb-style
mathematics,Mathematics,ss2,general,Ratio,2,₦33 is shared between Ada and Bola in the ratio 5:6. Ada gets?,₦18,₦16,₦15,₦115,2,Total parts = 11; one part = ₦3; Ada = 5 × ₦3 = ₦15.,jamb-style
mathematics,Mathematics,ss2,general,Ratio,2,₦30 is shared between Ada and Bola in the ratio 2:4. Ada gets?,₦10,₦20,₦110,₦15,0,Total parts = 6; one part = ₦5; Ada = 2 × ₦5 = ₦10.,jamb-style
mathematics,Mathematics,ss2,general,Ratio,2,₦21 is shared between Ada and Bola in the ratio 5:2. Ada gets?,₦10,₦115,₦15,₦6,2,Total parts = 7; one part = ₦3; Ada = 5 × ₦3 = ₦15.,jamb-style
mathematics,Mathematics,ss2,general,Ratio,2,₦36 is shared between Ada and Bola in the ratio 6:3. Ada gets?,₦24,₦124,₦12,₦18,0,Total parts = 9; one part = ₦4; Ada = 6 × ₦4 = ₦24.,jamb-style
mathematics,Mathematics,ss2,general,Ratio,2,₦30 is shared between Ada and Bola in the ratio 4:2. Ada gets?,₦15,₦10,₦20,₦120,2,Total parts = 6; one part = ₦5; Ada = 4 × ₦5 = ₦20.,jamb-style
mathematics,Mathematics,ss2,general,Ratio,2,₦32 is shared between Ada and Bola in the ratio 5:3. Ada gets?,₦20,₦16,₦120,₦12,0,Total parts = 8; one part = ₦4; Ada = 5 × ₦4 = ₦20.,jamb-style
mathematics,Mathematics,ss2,general,Ratio,2,₦50 is shared between Ada and Bola in the ratio 6:4. Ada gets?,₦25,₦130,₦20,₦30,3,Total parts = 10; one part = ₦5; Ada = 6 × ₦5 = ₦30.,jamb-style
mathematics,Mathematics,ss2,general,Ratio,2,₦40 is shared between Ada and Bola in the ratio 5:3. Ada gets?,₦15,₦20,₦25,₦125,2,Total parts = 8; one part = ₦5; Ada = 5 × ₦5 = ₦25.,jamb-style
mathematics,Mathematics,ss2,general,Ratio,2,₦24 is shared between Ada and Bola in the ratio 2:6. Ada gets?,₦6,₦18,₦12,₦106,0,Total parts = 8; one part = ₦3; Ada = 2 × ₦3 = ₦6.,jamb-style
mathematics,Mathematics,ss2,general,Ratio,2,₦40 is shared between Ada and Bola in the ratio 2:6. Ada gets?,₦20,₦110,₦10,₦30,2,Total parts = 8; one part = ₦5; Ada = 2 × ₦5 = ₦10.,jamb-style
mathematics,Mathematics,ss2,general,LCM & HCF,1,Find the HCF of 20 and 16,5,6,3,4,3,The highest common factor of 20 and 16 is 4.,jamb-style
mathematics,Mathematics,ss2,general,LCM & HCF,1,Find the HCF of 8 and 9,4,1,2,8,1,The highest common factor of 8 and 9 is 1.,jamb-style
mathematics,Mathematics,ss2,general,LCM & HCF,1,Find the HCF of 12 and 18,7,5,8,6,3,The highest common factor of 12 and 18 is 6.,jamb-style
mathematics,Mathematics,ss2,general,LCM & HCF,1,Find the HCF of 20 and 23,4,1,2,8,1,The highest common factor of 20 and 23 is 1.,jamb-style
mathematics,Mathematics,ss2,general,LCM & HCF,1,Find the HCF of 10 and 21,2,4,1,8,2,The highest common factor of 10 and 21 is 1.,jamb-style
mathematics,Mathematics,ss2,general,LCM & HCF,1,Find the HCF of 16 and 16,15,16,17,18,1,The highest common factor of 16 and 16 is 16.,jamb-style
mathematics,Mathematics,ss2,general,LCM & HCF,2,Find the LCM of 5 and 7,35,47,40,42,0,LCM = (5 × 7) ÷ HCF(1) = 35.,jamb-style
mathematics,Mathematics,ss2,general,LCM & HCF,2,Find the LCM of 13 and 8,125,104,112,117,1,LCM = (13 × 8) ÷ HCF(1) = 104.,jamb-style
mathematics,Mathematics,ss2,general,LCM & HCF,2,Find the LCM of 5 and 8,45,48,53,40,3,LCM = (5 × 8) ÷ HCF(1) = 40.,jamb-style
mathematics,Mathematics,ss2,general,LCM & HCF,2,Find the LCM of 10 and 4,30,24,34,20,3,LCM = (10 × 4) ÷ HCF(2) = 20.,jamb-style
mathematics,Mathematics,ss2,general,LCM & HCF,2,Find the LCM of 6 and 10,30,36,46,40,0,LCM = (6 × 10) ÷ HCF(2) = 30.,jamb-style
mathematics,Mathematics,ss2,general,LCM & HCF,2,Find the LCM of 6 and 12,18,24,12,30,2,LCM = (6 × 12) ÷ HCF(6) = 12.,jamb-style
mathematics,Mathematics,ss2,general,Number Bases,2,Convert 20 to base 2,10011,10101,101000,10100,3,20 in base 2 is 10100.,jamb-style
mathematics,Mathematics,ss2,general,Number Bases,2,Convert 59 to base 2,111011,111100,111010,1110110,0,59 in base 2 is 111011.,jamb-style
mathematics,Mathematics,ss2,general,Number Bases,2,Convert 55 to base 2,110110,111000,110111,1101110,2,55 in base 2 is 110111.,jamb-style
mathematics,Mathematics,ss2,general,Number Bases,2,Convert 31 to base 2,100000,11110,111110,11111,3,31 in base 2 is 11111.,jamb-style
mathematics,Mathematics,ss2,general,Number Bases,2,Convert 41 to base 2,101010,101001,1010010,101000,1,41 in base 2 is 101001.,jamb-style
mathematics,Mathematics,ss2,general,Number Bases,2,Convert 100111 (base 2) to base 10,38,40,41,39,3,100111 = 39 in base 10.,jamb-style
mathematics,Mathematics,ss2,general,Number Bases,2,Convert 1010 (base 2) to base 10,9,11,10,12,2,1010 = 10 in base 10.,jamb-style
mathematics,Mathematics,ss2,general,Number Bases,2,Convert 1000 (base 2) to base 10,8,9,7,10,0,1000 = 8 in base 10.,jamb-style
mathematics,Mathematics,ss2,general,Number Bases,2,Convert 111100 (base 2) to base 10,60,59,61,62,0,111100 = 60 in base 10.,jamb-style
mathematics,Mathematics,ss2,general,Number Bases,2,Convert 101110 (base 2) to base 10,46,48,47,45,0,101110 = 46 in base 10.,jamb-style
mathematics,Mathematics,ss2,general,Indices,2,Simplify: x^3 × x^3,x^1,x^9,x^6,x^7,2,"When multiplying, add indices: x^3 × x^3 = x^(3+3) = x^6.",jamb-style
mathematics,Mathematics,ss2,general,Indices,2,Simplify: x^5 × x^4,x^1,x^20,x^10,x^9,3,"When multiplying, add indices: x^5 × x^4 = x^(5+4) = x^9.",jamb-style
mathematics,Mathematics,ss2,general,Indices,2,Simplify: x^3 × x^5,x^15,x^9,x^2,x^8,3,"When multiplying, add indices: x^3 × x^5 = x^(3+5) = x^8.",jamb-style
mathematics,Mathematics,ss2,general,Indices,2,Simplify: x^2 × x^2,x^1,x^40,x^4,x^5,2,"When multiplying, add indices: x^2 × x^2 = x^(2+2) = x^4.",jamb-style
mathematics,Mathematics,ss2,general,Indices,2,Simplify: x^2 × x^3,x^5,x^1,x^6,x^50,0,"When multiplying, add indices: x^2 × x^3 = x^(2+3) = x^5.",jamb-style
mathematics,Mathematics,ss2,general,Indices,2,Simplify: √4,2,1,4,3,0,√4 = 2 because 2² = 4.,jamb-style
mathematics,Mathematics,ss2,general,Linear Equations,1,Solve: 2x + 1 = 9,x = 5,x = 4,x = 3,x = 9,1,2x = 9 − 1 = 8; x = 8 ÷ 2 = 4.,jamb-style
mathematics,Mathematics,ss2,general,Linear Equations,1,Solve: 5x + 8 = 48,x = 8,x = 7,x = 9,x = 48,0,5x = 48 − 8 = 40; x = 40 ÷ 5 = 8.,jamb-style
mathematics,Mathematics,ss2,general,Linear Equations,1,Solve: 6x + 1 = 13,x = 3,x = 1,x = 2,x = 13,2,6x = 13 − 1 = 12; x = 12 ÷ 6 = 2.,jamb-style
mathematics,Mathematics,ss2,general,Linear Equations,1,Solve: 8x + 18 = 34,x = 34,x = 2,x = 1,x = 3,1,8x = 34 − 18 = 16; x = 16 ÷ 8 = 2.,jamb-style
mathematics,Mathematics,ss2,general,Linear Equations,1,Solve: 5x + 15 = 45,x = 45,x = 6,x = 5,x = 7,1,5x = 45 − 15 = 30; x = 30 ÷ 5 = 6.,jamb-style
mathematics,Mathematics,ss2,general,Linear Equations,1,Solve: 6x + 6 = 72,x = 11,x = 12,x = 10,x = 72,0,6x = 72 − 6 = 66; x = 66 ÷ 6 = 11.,jamb-style
mathematics,Mathematics,ss2,general,Linear Equations,1,Solve: 8x + 4 = 28,x = 28,x = 2,x = 4,x = 3,3,8x = 28 − 4 = 24; x = 24 ÷ 8 = 3.,jamb-style
mathematics,Mathematics,ss2,general,Linear Equations,1,Solve: 6x + 15 = 57,x = 8,x = 6,x = 7,x = 57,2,6x = 57 − 15 = 42; x = 42 ÷ 6 = 7.,jamb-style
mathematics,Mathematics,ss2,general,Linear Equations,1,Solve: 5x + 3 = 33,x = 7,x = 33,x = 6,x = 5,2,5x = 33 − 3 = 30; x = 30 ÷ 5 = 6.,jamb-style
mathematics,Mathematics,ss2,general,Linear Equations,1,Solve: 6x + 7 = 67,x = 11,x = 67,x = 9,x = 10,3,6x = 67 − 7 = 60; x = 60 ÷ 6 = 10.,jamb-style
mathematics,Mathematics,ss2,general,Linear Equations,1,Solve: 7x + 6 = 48,x = 6,x = 48,x = 5,x = 7,0,7x = 48 − 6 = 42; x = 42 ÷ 7 = 6.,jamb-style
mathematics,Mathematics,ss2,general,Linear Equations,1,Solve: 8x + 4 = 92,x = 11,x = 10,x = 92,x = 12,0,8x = 92 − 4 = 88; x = 88 ÷ 8 = 11.,jamb-style
mathematics,Mathematics,ss2,general,Linear Equations,1,Solve: 4x + 17 = 61,x = 61,x = 11,x = 10,x = 12,1,4x = 61 − 17 = 44; x = 44 ÷ 4 = 11.,jamb-style
mathematics,Mathematics,ss2,general,Linear Equations,1,Solve: 7x + 6 = 41,x = 41,x = 6,x = 5,x = 4,2,7x = 41 − 6 = 35; x = 35 ÷ 7 = 5.,jamb-style
mathematics,Mathematics,ss2,general,Linear Equations,1,Solve: 2x + 9 = 19,x = 6,x = 19,x = 5,x = 4,2,2x = 19 − 9 = 10; x = 10 ÷ 2 = 5.,jamb-style
mathematics,Mathematics,ss2,general,Linear Equations,1,Solve: 6x + 3 = 57,x = 9,x = 8,x = 10,x = 57,0,6x = 57 − 3 = 54; x = 54 ÷ 6 = 9.,jamb-style
mathematics,Mathematics,ss2,general,Linear Equations,2,Solve: 3x − 13 = -1,x = 4,x = 3,x = 13,x = 5,0,3x = -1 + 13 = 12; x = 4.,jamb-style
mathematics,Mathematics,ss2,general,Linear Equations,2,Solve: 5x − 4 = 41,x = 10,x = 4,x = 9,x = 8,2,5x = 41 + 4 = 45; x = 9.,jamb-style
mathematics,Mathematics,ss2,general,Linear Equations,2,Solve: 2x − 2 = 8,x = 4,x = 6,x = 2,x = 5,3,2x = 8 + 2 = 10; x = 5.,jamb-style
mathematics,Mathematics,ss2,general,Linear Equations,2,Solve: 3x − 12 = 9,x = 12,x = 7,x = 8,x = 6,1,3x = 9 + 12 = 21; x = 7.,jamb-style
mathematics,Mathematics,ss2,general,Linear Equations,2,Solve: 7x − 8 = 55,x = 90,x = 9,x = 8,x = 10,1,7x = 55 + 8 = 63; x = 9.,jamb-style
mathematics,Mathematics,ss2,general,Linear Equations,2,Solve: 3x − 14 = 1,x = 5,x = 6,x = 4,x = 14,0,3x = 1 + 14 = 15; x = 5.,jamb-style
mathematics,Mathematics,ss2,general,Linear Equations,2,Solve: 2x − 3 = 9,x = 3,x = 7,x = 5,x = 6,3,2x = 9 + 3 = 12; x = 6.,jamb-style
mathematics,Mathematics,ss2,general,Linear Equations,2,Solve: 6x − 11 = 43,x = 8,x = 10,x = 9,x = 11,2,6x = 43 + 11 = 54; x = 9.,jamb-style
mathematics,Mathematics,ss2,general,Linear Equations,2,Solve: 7x − 7 = 49,x = 9,x = 7,x = 80,x = 8,3,7x = 49 + 7 = 56; x = 8.,jamb-style
mathematics,Mathematics,ss2,general,Linear Equations,2,Solve: 6x − 5 = 13,x = 3,x = 5,x = 2,x = 4,0,6x = 13 + 5 = 18; x = 3.,jamb-style
mathematics,Mathematics,ss2,general,Linear Equations,2,Solve: 3x − 3 = 9,x = 5,x = 4,x = 3,x = 40,1,3x = 9 + 3 = 12; x = 4.,jamb-style
mathematics,Mathematics,ss2,general,Linear Equations,2,Solve: 7x − 6 = 50,x = 6,x = 9,x = 8,x = 7,2,7x = 50 + 6 = 56; x = 8.,jamb-style
mathematics,Mathematics,ss2,general,Linear Equations,2,Solve: 6x − 5 = 25,x = 6,x = 5,x = 50,x = 4,1,6x = 25 + 5 = 30; x = 5.,jamb-style
mathematics,Mathematics,ss2,general,Linear Equations,2,Solve: 6x − 8 = 22,x = 8,x = 4,x = 5,x = 6,2,6x = 22 + 8 = 30; x = 5.,jamb-style
mathematics,Mathematics,ss2,general,Linear Equations,2,Solve: 6x − 11 = 1,x = 3,x = 1,x = 2,x = 11,2,6x = 1 + 11 = 12; x = 2.,jamb-style
mathematics,Mathematics,ss2,general,Linear Equations,2,Solve: 4x − 10 = 22,x = 10,x = 7,x = 8,x = 9,2,4x = 22 + 10 = 32; x = 8.,jamb-style
mathematics,Mathematics,ss2,general,Simultaneous Equations,3,"If 3x + 1y = 17 and 2x + 2y = 18, find x.",x = 40,x = 5,x = 6,x = 4,3,Solving the pair gives x = 4 (and y = 5).,jamb-style
mathematics,Mathematics,ss2,general,Simultaneous Equations,3,"If 1x + 1y = 4 and 3x + 1y = 6, find x.",x = 1,x = 3,x = 10,x = 2,0,Solving the pair gives x = 1 (and y = 3).,jamb-style
mathematics,Mathematics,ss2,general,Simultaneous Equations,3,"If 3x + 3y = 21 and 1x + 2y = 11, find x.",x = 30,x = 4,x = 5,x = 3,3,Solving the pair gives x = 3 (and y = 4).,jamb-style
mathematics,Mathematics,ss2,general,Simultaneous Equations,3,"If 3x + 3y = 24 and 3x + 2y = 21, find x.",x = 6,x = 5,x = 7,x = 3,1,Solving the pair gives x = 5 (and y = 3).,jamb-style
mathematics,Mathematics,ss2,general,Simultaneous Equations,3,"If 2x + 1y = 9 and 3x + 2y = 14, find x.",x = 4,x = 1,x = 6,x = 5,0,Solving the pair gives x = 4 (and y = 1).,jamb-style
mathematics,Mathematics,ss2,general,Simultaneous Equations,3,"If 3x + 3y = 18 and 2x + 1y = 9, find x.",x = 3,x = 30,x = 4,x = 5,0,Solving the pair gives x = 3 (and y = 3).,jamb-style
mathematics,Mathematics,ss2,general,Simultaneous Equations,3,"If 3x + 2y = 15 and 1x + 3y = 12, find x.",x = 3,x = 4,x = 5,x = 30,0,Solving the pair gives x = 3 (and y = 3).,jamb-style
mathematics,Mathematics,ss2,general,Simultaneous Equations,3,"If 1x + 1y = 5 and 2x + 1y = 7, find x.",x = 2,x = 20,x = 4,x = 3,0,Solving the pair gives x = 2 (and y = 3).,jamb-style
mathematics,Mathematics,ss2,general,Quadratic Equations,3,Factorise: 1x² − 5x + 6,(x + 3)(x + 2),(x - 3)(x + 3),(x - 4)(x - 2),(x - 3)(x - 2),3,"Roots are 3 and 2, so the factors are as shown.",jamb-style
mathematics,Mathematics,ss2,general,Quadratic Equations,3,Factorise: 1x² + 5x + 6,(x + 2)(x - 4),(x + 2)(x + 3),(x + 3)(x + 3),(x - 2)(x - 3),1,"Roots are -2 and -3, so the factors are as shown.",jamb-style
mathematics,Mathematics,ss2,general,Quadratic Equations,3,Factorise: 1x² − 7x + 12,(x - 5)(x - 3),(x + 4)(x + 3),(x - 4)(x + 4),(x - 4)(x - 3),3,"Roots are 4 and 3, so the factors are as shown.",jamb-style
mathematics,Mathematics,ss2,general,Quadratic Equations,3,Factorise: 1x² − 9x + 20,(x + 5)(x + 4),(x - 5)(x - 4),(x - 5)(x + 5),(x - 6)(x - 4),1,"Roots are 5 and 4, so the factors are as shown.",jamb-style
mathematics,Mathematics,ss2,general,Quadratic Equations,3,Factorise: 1x² + 3x − 10,(x - 2)(x - 6),(x - 2)(x + 5),(x + 2)(x - 5),(x - 3)(x + 5),1,"Roots are 2 and -5, so the factors are as shown.",jamb-style
mathematics,Mathematics,ss2,general,Quadratic Equations,3,Factorise: 1x² − 2x − 15,(x - 5)(x - 4),(x - 6)(x + 3),(x + 5)(x - 3),(x - 5)(x + 3),3,"Roots are 5 and -3, so the factors are as shown.",jamb-style
mathematics,Mathematics,ss2,general,Quadratic Equations,3,Factorise: 2x² + 5x + 3,(x + 2)(x + 1),(x + 1)(x + 1),(x - 1)(x - 1),(x + 1)(x - 2),1,"Roots are -1 and -1, so the factors are as shown.",jamb-style
mathematics,Mathematics,ss2,general,Quadratic Equations,3,Factorise: 3x² + 7x + 2,(x + 0)(x + 2),(x + 0)(x - 3),(x + 1)(x + 2),(x - 0)(x - 2),0,"Roots are 0 and -2, so the factors are as shown.",jamb-style
mathematics,Mathematics,ss2,general,Mensuration,1,A rectangle is 13 cm by 13 cm. Area?,26 cm²,169 cm²,52 cm²,171 cm²,1,Area = 13 × 13 = 169 cm².,jamb-style
mathematics,Mathematics,ss2,general,Mensuration,1,A rectangle is 18 cm by 12 cm. Area?,30 cm²,216 cm²,60 cm²,218 cm²,1,Area = 18 × 12 = 216 cm².,jamb-style
mathematics,Mathematics,ss2,general,Mensuration,1,A rectangle is 4 cm by 11 cm. Area?,30 cm²,15 cm²,46 cm²,44 cm²,3,Area = 4 × 11 = 44 cm².,jamb-style
mathematics,Mathematics,ss2,general,Mensuration,1,A rectangle is 14 cm by 8 cm. Area?,22 cm²,112 cm²,114 cm²,44 cm²,1,Area = 14 × 8 = 112 cm².,jamb-style
mathematics,Mathematics,ss2,general,Mensuration,1,A rectangle is 6 cm by 14 cm. Area?,84 cm²,86 cm²,20 cm²,40 cm²,0,Area = 6 × 14 = 84 cm².,jamb-style
mathematics,Mathematics,ss2,general,Mensuration,1,A rectangle is 11 cm by 8 cm. Perimeter?,38 cm,88 cm,30 cm,19 cm,0,Perimeter = 2(11 + 8) = 38 cm.,jamb-style
mathematics,Mathematics,ss2,general,Mensuration,1,A rectangle is 6 cm by 14 cm. Perimeter?,20 cm,26 cm,84 cm,40 cm,3,Perimeter = 2(6 + 14) = 40 cm.,jamb-style
mathematics,Mathematics,ss2,general,Mensuration,1,A rectangle is 8 cm by 7 cm. Perimeter?,23 cm,30 cm,15 cm,56 cm,1,Perimeter = 2(8 + 7) = 30 cm.,jamb-style
mathematics,Mathematics,ss2,general,Mensuration,1,A rectangle is 10 cm by 13 cm. Perimeter?,46 cm,130 cm,23 cm,33 cm,0,Perimeter = 2(10 + 13) = 46 cm.,jamb-style
mathematics,Mathematics,ss2,general,Mensuration,1,A rectangle is 10 cm by 9 cm. Perimeter?,38 cm,19 cm,29 cm,90 cm,0,Perimeter = 2(10 + 9) = 38 cm.,jamb-style
mathematics,Mathematics,ss2,general,Mensuration,2,A triangle has base 12 cm and height 5 cm. Area?,30 cm²,32 cm²,17 cm²,60 cm²,0,Area = ½ × 12 × 5 = 30 cm².,jamb-style
mathematics,Mathematics,ss2,general,Mensuration,2,A triangle has base 7 cm and height 12 cm. Area?,44 cm²,84 cm²,19 cm²,42 cm²,3,Area = ½ × 7 × 12 = 42 cm².,jamb-style
mathematics,Mathematics,ss2,general,Mensuration,2,A triangle has base 11 cm and height 4 cm. Area?,44 cm²,24 cm²,15 cm²,22 cm²,3,Area = ½ × 11 × 4 = 22 cm².,jamb-style
mathematics,Mathematics,ss2,general,Mensuration,2,A triangle has base 7 cm and height 10 cm. Area?,35 cm²,17 cm²,37 cm²,70 cm²,0,Area = ½ × 7 × 10 = 35 cm².,jamb-style
mathematics,Mathematics,ss2,general,Mensuration,2,A triangle has base 6 cm and height 12 cm. Area?,72 cm²,38 cm²,18 cm²,36 cm²,3,Area = ½ × 6 × 12 = 36 cm².,jamb-style
mathematics,Mathematics,ss2,general,Mensuration,2,Find the circumference of a circle of radius 35 cm (π = 22/7),3850 cm,220 cm,110 cm,227 cm,1,C = 2πr = 2 × 22/7 × 35 = 220 cm.,jamb-style
mathematics,Mathematics,ss2,general,Mensuration,2,Find the circumference of a circle of radius 42 cm (π = 22/7),132 cm,271 cm,264 cm,5544 cm,2,C = 2πr = 2 × 22/7 × 42 = 264 cm.,jamb-style
mathematics,Mathematics,ss2,general,Mensuration,2,Find the circumference of a circle of radius 7 cm (π = 22/7),154 cm,44 cm,51 cm,22 cm,1,C = 2πr = 2 × 22/7 × 7 = 44 cm.,jamb-style
mathematics,Mathematics,ss2,general,Angles,1,Two angles of a triangle are 52° and 61°. The third angle is,113°,67°,128°,77°,1,Angles in a triangle sum to 180°: 180 − 52 − 61 = 67°.,jamb-style
mathematics,Mathematics,ss2,general,Angles,1,Two angles of a triangle are 53° and 47°. The third angle is,100°,127°,80°,90°,2,Angles in a triangle sum to 180°: 180 − 53 − 47 = 80°.,jamb-style
mathematics,Mathematics,ss2,general,Angles,1,Two angles of a triangle are 48° and 37°. The third angle is,132°,95°,105°,85°,1,Angles in a triangle sum to 180°: 180 − 48 − 37 = 95°.,jamb-style
mathematics,Mathematics,ss2,general,Angles,1,Two angles of a triangle are 37° and 66°. The third angle is,103°,77°,87°,143°,1,Angles in a triangle sum to 180°: 180 − 37 − 66 = 77°.,jamb-style
mathematics,Mathematics,ss2,general,Angles,1,Two angles of a triangle are 62° and 59°. The third angle is,118°,59°,121°,69°,1,Angles in a triangle sum to 180°: 180 − 62 − 59 = 59°.,jamb-style
mathematics,Mathematics,ss2,general,Angles,1,The complement of 51° is,141°,129°,39°,51°,2,Complementary angles sum to 90°: 90 − 51 = 39°.,jamb-style
mathematics,Mathematics,ss2,general,Angles,1,The complement of 67° is,113°,157°,23°,67°,2,Complementary angles sum to 90°: 90 − 67 = 23°.,jamb-style
mathematics,Mathematics,ss2,general,Angles,1,The complement of 42° is,132°,138°,48°,42°,2,Complementary angles sum to 90°: 90 − 42 = 48°.,jamb-style
mathematics,Mathematics,ss2,general,Angles,1,The complement of 48° is,42°,138°,48°,132°,0,Complementary angles sum to 90°: 90 − 48 = 42°.,jamb-style
mathematics,Mathematics,ss2,general,Angles,1,The complement of 63° is,63°,153°,27°,117°,2,Complementary angles sum to 90°: 90 − 63 = 27°.,jamb-style
mathematics,Mathematics,ss2,general,Statistics,1,"Find the mean of 14, 17, 7, 6, 7",10.2,17,9.2,11.2,0,Sum = 51; mean = 51 ÷ 5 = 10.2.,jamb-style
mathematics,Mathematics,ss2,general,Statistics,1,"Find the mean of 5, 1, 3, 9, 8",5.2,9,6.2,4.2,0,Sum = 26; mean = 26 ÷ 5 = 5.2.,jamb-style
mathematics,Mathematics,ss2,general,Statistics,1,"Find the mean of 8, 15, 8, 19, 10",12,13,11,19,0,Sum = 60; mean = 60 ÷ 5 = 12.,jamb-style
mathematics,Mathematics,ss2,general,Statistics,1,"Find the mean of 5, 16, 1, 12, 13",8.4,10.4,9.4,16,2,Sum = 47; mean = 47 ÷ 5 = 9.4.,jamb-style
mathematics,Mathematics,ss2,general,Statistics,1,"Find the mean of 2, 10, 19, 2, 19",11.4,9.4,19,10.4,3,Sum = 52; mean = 52 ÷ 5 = 10.4.,jamb-style
mathematics,Mathematics,ss2,general,Statistics,1,"Find the mean of 2, 16, 13, 10, 17",11.6,10.6,17,12.6,0,Sum = 58; mean = 58 ÷ 5 = 11.6.,jamb-style
mathematics,Mathematics,ss2,general,Statistics,1,"Find the mean of 12, 17, 19, 16, 17",17.2,15.2,16.2,19,2,Sum = 81; mean = 81 ÷ 5 = 16.2.,jamb-style
mathematics,Mathematics,ss2,general,Statistics,1,"Find the mean of 16, 8, 15, 1, 19",10.8,12.8,11.8,19,2,Sum = 59; mean = 59 ÷ 5 = 11.8.,jamb-style
mathematics,Mathematics,ss2,general,Statistics,1,"Find the median of 4, 11, 11, 15, 20",15,18,11,4,2,"Arranged in order, the middle value is 11.",jamb-style
mathematics,Mathematics,ss2,general,Statistics,1,"Find the median of 7, 12, 18, 19, 24",18,7,12,19,0,"Arranged in order, the middle value is 18.",jamb-style
mathematics,Mathematics,ss2,general,Statistics,1,"Find the median of 11, 14, 15, 19, 19",15,19,11,14,0,"Arranged in order, the middle value is 15.",jamb-style
mathematics,Mathematics,ss2,general,Statistics,1,"Find the median of 13, 16, 20, 21, 21",13,20,16,21,1,"Arranged in order, the middle value is 20.",jamb-style
mathematics,Mathematics,ss2,general,Statistics,1,"Find the median of 1, 12, 12, 20, 20",19,12,1,20,1,"Arranged in order, the middle value is 12.",jamb-style
mathematics,Mathematics,ss2,general,Statistics,1,"Find the median of 1, 3, 7, 13, 14",3,1,7,13,2,"Arranged in order, the middle value is 7.",jamb-style
mathematics,Mathematics,ss2,general,Statistics,1,"Find the median of 1, 15, 17, 17, 21",24,15,1,17,3,"Arranged in order, the middle value is 17.",jamb-style
mathematics,Mathematics,ss2,general,Probability,2,What is the probability of getting a prime number when a fair die is thrown?,1/20,1/2,1/3,1/6,1,3 favourable outcomes out of 6: probability = 3/6.,jamb-style
mathematics,Mathematics,ss2,general,Probability,2,What is the probability of getting an even number when a fair die is thrown?,1/3,1/2,1/6,1/20,1,3 favourable outcomes out of 6: probability = 3/6.,jamb-style
mathematics,Mathematics,ss2,general,Probability,2,What is the probability of getting a number greater than 4 when a fair die is thrown?,1/2,1/30,1/3,1/6,2,2 favourable outcomes out of 6: probability = 2/6.,jamb-style
mathematics,Mathematics,ss2,general,Probability,2,What is the probability of getting the number 3 when a fair die is thrown?,1/6,1/3,1/60,1/2,0,1 favourable outcomes out of 6: probability = 1/6.,jamb-style
mathematics,Mathematics,ss2,general,Probability,2,A bag has 5 red and 2 blue balls. One is picked at random. P(red)?,5/2,5/7,1/7,2/7,1,5 red out of 7 balls: P = 5/7.,jamb-style
mathematics,Mathematics,ss2,general,Probability,2,A bag has 5 red and 5 blue balls. One is picked at random. P(red)?,5/5,5/100,1/10,5/10,3,5 red out of 10 balls: P = 5/10.,jamb-style
mathematics,Mathematics,ss2,general,Probability,2,A bag has 4 red and 3 blue balls. One is picked at random. P(red)?,3/7,1/7,4/7,4/3,2,4 red out of 7 balls: P = 4/7.,jamb-style
mathematics,Mathematics,ss2,general,Probability,2,A bag has 7 red and 6 blue balls. One is picked at random. P(red)?,7/6,6/13,1/13,7/13,3,7 red out of 13 balls: P = 7/13.,jamb-style
mathematics,Mathematics,ss2,general,Probability,2,A bag has 2 red and 3 blue balls. One is picked at random. P(red)?,1/5,3/5,2/3,2/5,3,2 red out of 5 balls: P = 2/5.,jamb-style
mathematics,Mathematics,ss2,general,Speed & Distance,2,A bus travels at 80 km/h for 5 hours. Distance covered?,400 km,200 km,480 km,85 km,0,Distance = speed × time = 80 × 5 = 400 km.,jamb-style
mathematics,Mathematics,ss2,general,Speed & Distance,2,A bus travels at 40 km/h for 2 hours. Distance covered?,80 km,42 km,40 km,120 km,0,Distance = speed × time = 40 × 2 = 80 km.,jamb-style
mathematics,Mathematics,ss2,general,Speed & Distance,2,A bus travels at 90 km/h for 2 hours. Distance covered?,270 km,92 km,90 km,180 km,3,Distance = speed × time = 90 × 2 = 180 km.,jamb-style
mathematics,Mathematics,ss2,general,Speed & Distance,2,A bus travels at 80 km/h for 4 hours. Distance covered?,160 km,320 km,84 km,400 km,1,Distance = speed × time = 80 × 4 = 320 km.,jamb-style
mathematics,Mathematics,ss2,general,Speed & Distance,2,A car covers 240 km in 2 hours. Average speed?,240 km/h,2 km/h,120 km/h,130 km/h,2,Speed = distance ÷ time = 240 ÷ 2 = 120 km/h.,jamb-style
mathematics,Mathematics,ss2,general,Speed & Distance,2,A car covers 300 km in 4 hours. Average speed?,75 km/h,4 km/h,85 km/h,300 km/h,0,Speed = distance ÷ time = 300 ÷ 4 = 75 km/h.,jamb-style
mathematics,Mathematics,ss2,general,Speed & Distance,2,A car covers 180 km in 3 hours. Average speed?,60 km/h,3 km/h,70 km/h,180 km/h,0,Speed = distance ÷ time = 180 ÷ 3 = 60 km/h.,jamb-style
mathematics,Mathematics,ss2,general,Speed & Distance,2,A car covers 240 km in 3 hours. Average speed?,80 km/h,90 km/h,240 km/h,3 km/h,0,Speed = distance ÷ time = 240 ÷ 3 = 80 km/h.,jamb-style
mathematics,Mathematics,ss2,general,Speed & Distance,2,A car covers 300 km in 3 hours. Average speed?,300 km/h,100 km/h,110 km/h,3 km/h,1,Speed = distance ÷ time = 300 ÷ 3 = 100 km/h.,jamb-style
mathematics,Mathematics,ss2,general,Simple Interest,2,Find the simple interest on ₦10000 at 2% per annum for 4 years.,₦10800,₦800,807,₦200,1,I = PRT/100 = 10000 × 2 × 4 ÷ 100 = ₦800.,jamb-style
mathematics,Mathematics,ss2,general,Simple Interest,2,Find the simple interest on ₦5000 at 4% per annum for 2 years.,₦5400,₦400,₦200,407,1,I = PRT/100 = 5000 × 4 × 2 ÷ 100 = ₦400.,jamb-style
mathematics,Mathematics,ss2,general,Simple Interest,2,Find the simple interest on ₦5000 at 3% per annum for 3 years.,₦450,457,₦150,₦5450,0,I = PRT/100 = 5000 × 3 × 3 ÷ 100 = ₦450.,jamb-style
mathematics,Mathematics,ss2,general,Simple Interest,2,Find the simple interest on ₦10000 at 4% per annum for 5 years.,₦12000,2007,₦2000,₦400,2,I = PRT/100 = 10000 × 4 × 5 ÷ 100 = ₦2000.,jamb-style
mathematics,Mathematics,ss2,general,Simple Interest,2,Find the simple interest on ₦10000 at 6% per annum for 4 years.,₦600,2407,₦2400,₦12400,2,I = PRT/100 = 10000 × 6 × 4 ÷ 100 = ₦2400.,jamb-style
mathematics,Mathematics,ss2,general,Simple Interest,2,Find the simple interest on ₦20000 at 6% per annum for 3 years.,₦3600,₦23600,3607,₦1200,0,I = PRT/100 = 20000 × 6 × 3 ÷ 100 = ₦3600.,jamb-style
mathematics,Mathematics,ss2,general,Simple Interest,2,Find the simple interest on ₦50000 at 5% per annum for 5 years.,12507,₦12500,₦62500,₦2500,1,I = PRT/100 = 50000 × 5 × 5 ÷ 100 = ₦12500.,jamb-style
mathematics,Mathematics,ss2,general,Simple Interest,2,Find the simple interest on ₦50000 at 5% per annum for 3 years.,₦57500,₦2500,7507,₦7500,3,I = PRT/100 = 50000 × 5 × 3 ÷ 100 = ₦7500.,jamb-style
mathematics,Mathematics,ss2,general,Simple Interest,2,Find the simple interest on ₦10000 at 2% per annum for 3 years.,₦10600,₦600,607,₦200,1,I = PRT/100 = 10000 × 2 × 3 ÷ 100 = ₦600.,jamb-style
mathematics,Mathematics,ss2,general,Number Notation,1,"What is the value of the digit 4 in 73,435?",41,4000,400,4,1,The thousands place carries that value.,jamb-style
mathematics,Mathematics,ss2,general,Number Notation,1,"What is the value of the digit 3 in 13,105?",31,3,30000,3000,2,The ten thousands place carries that value.,jamb-style
mathematics,Mathematics,ss2,general,Number Notation,1,"What is the value of the digit 6 in 64,065?",600,6000,61,6,0,The hundreds place carries that value.,jamb-style
mathematics,Mathematics,ss2,general,Number Notation,1,"What is the value of the digit 0 in 40,035?",11,0,1,7,1,The ten thousands place carries that value.,jamb-style
mathematics,Mathematics,ss2,general,Number Notation,1,"What is the value of the digit 4 in 77,843?",400,41,4000,4,0,The hundreds place carries that value.,jamb-style
mathematics,Mathematics,ss2,general,Approximation,1,"Round 7,536 to the nearest hundred.",7600,7400,7536,7500,3,"7,536 to the nearest hundred is 7,500.",jamb-style
mathematics,Mathematics,ss2,general,Approximation,1,"Round 2,136 to the nearest hundred.",2200,2000,2100,2136,2,"2,136 to the nearest hundred is 2,100.",jamb-style
mathematics,Mathematics,ss2,general,Approximation,1,"Round 7,588 to the nearest hundred.",7600,7500,7700,7588,0,"7,588 to the nearest hundred is 7,600.",jamb-style
mathematics,Mathematics,ss2,general,Approximation,1,"Round 7,021 to the nearest hundred.",7000,6900,7021,7100,0,"7,021 to the nearest hundred is 7,000.",jamb-style
mathematics,Mathematics,ss2,general,Approximation,1,"Round 8,468 to the nearest hundred.",8468,8400,8600,8500,3,"8,468 to the nearest hundred is 8,500.",jamb-style
mathematics,Mathematics,ss2,general,Sets,2,"In a class, 10 students offer Maths, 6 offer English and 2 offer both. How many offer at least one subject?",12,14,18,16,1,|M ∪ E| = 10 + 6 − 2 = 14.,jamb-style
mathematics,Mathematics,ss2,general,Sets,2,"In a class, 10 students offer Maths, 5 offer English and 1 offer both. How many offer at least one subject?",15,14,13,16,1,|M ∪ E| = 10 + 5 − 1 = 14.,jamb-style
mathematics,Mathematics,ss2,general,Sets,2,"In a class, 10 students offer Maths, 7 offer English and 1 offer both. How many offer at least one subject?",17,16,15,18,1,|M ∪ E| = 10 + 7 − 1 = 16.,jamb-style
mathematics,Mathematics,ss2,general,Sets,2,"In a class, 8 students offer Maths, 5 offer English and 1 offer both. How many offer at least one subject?",13,12,14,11,1,|M ∪ E| = 8 + 5 − 1 = 12.,jamb-style
mathematics,Mathematics,ss2,general,Sets,2,"In a class, 9 students offer Maths, 5 offer English and 2 offer both. How many offer at least one subject?",12,16,10,14,0,|M ∪ E| = 9 + 5 − 2 = 12.,jamb-style
mathematics,Mathematics,ss2,general,Powers & Roots,1,Evaluate 4²,12,20,21,16,3,4² = 4 × 4 = 16.,jamb-style
mathematics,Mathematics,ss2,general,Powers & Roots,1,Evaluate 12²,132,157,156,144,3,12² = 12 × 12 = 144.,jamb-style
mathematics,Mathematics,ss2,general,Powers & Roots,1,Evaluate 14²,182,211,196,210,2,14² = 14 × 14 = 196.,jamb-style
mathematics,Mathematics,ss2,general,Powers & Roots,1,Evaluate 2²,2,4,7,6,1,2² = 2 × 2 = 4.,jamb-style
mathematics,Mathematics,ss2,general,Powers & Roots,1,Evaluate 8²,64,56,73,72,0,8² = 8 × 8 = 64.,jamb-style
mathematics,Mathematics,ss2,general,Powers & Roots,1,Evaluate 11²,121,132,110,133,0,11² = 11 × 11 = 121.,jamb-style
mathematics,Mathematics,ss2,general,Powers & Roots,1,Evaluate 3²,13,9,6,12,1,3² = 3 × 3 = 9.,jamb-style
mathematics,Mathematics,ss2,general,Arithmetic,1,Subtract: 303 − 182,111,221,121,131,2,Subtract: 303 − 182 = 121.,jamb-style
mathematics,Mathematics,ss2,general,Arithmetic,1,Add: 741 + 521,1272,1262,1362,1252,1,Add: 741 + 521 = 1262.,jamb-style
mathematics,Mathematics,ss2,general,Arithmetic,1,Subtract: 776 − 169,597,707,607,617,2,Subtract: 776 − 169 = 607.,jamb-style
mathematics,Mathematics,ss2,general,Arithmetic,1,Add: 585 + 172,757,767,747,857,0,Add: 585 + 172 = 757.,jamb-style
mathematics,Mathematics,ss2,general,Arithmetic,1,Add: 158 + 668,836,826,926,816,1,Add: 158 + 668 = 826.,jamb-style
mathematics,Mathematics,ss2,general,Arithmetic,1,Subtract: 212 − 121,81,191,101,91,3,Subtract: 212 − 121 = 91.,jamb-style
mathematics,Mathematics,ss2,general,Arithmetic,1,Subtract: 123 − 152,-19,-39,71,-29,3,Subtract: 123 − 152 = -29.,jamb-style
mathematics,Mathematics,ss2,general,Arithmetic,1,Add: 298 + 180,468,478,578,488,1,Add: 298 + 180 = 478.,jamb-style
mathematics,Mathematics,ss2,general,Arithmetic,1,Subtract: 725 − 165,660,560,570,550,1,Subtract: 725 − 165 = 560.,jamb-style
mathematics,Mathematics,ss2,general,Arithmetic,1,Subtract: 372 − 111,271,261,361,251,1,Subtract: 372 − 111 = 261.,jamb-style
mathematics,Mathematics,ss2,general,Arithmetic,1,Add: 774 + 579,1343,1363,1453,1353,3,Add: 774 + 579 = 1353.,jamb-style
mathematics,Mathematics,ss2,general,Arithmetic,1,Add: 360 + 807,1167,1267,1177,1157,0,Add: 360 + 807 = 1167.,jamb-style
mathematics,Mathematics,ss2,general,Arithmetic,1,Subtract: 410 − 192,318,228,208,218,3,Subtract: 410 − 192 = 218.,jamb-style
mathematics,Mathematics,ss2,general,Arithmetic,1,Add: 582 + 649,1331,1221,1241,1231,3,Add: 582 + 649 = 1231.,jamb-style
mathematics,Mathematics,ss2,general,Arithmetic,1,Subtract: 816 − 142,774,684,674,664,2,Subtract: 816 − 142 = 674.,jamb-style
mathematics,Mathematics,ss2,general,Arithmetic,1,Add: 400 + 260,670,660,650,760,1,Add: 400 + 260 = 660.,jamb-style
mathematics,Mathematics,ss2,general,Arithmetic,1,Add: 855 + 605,1470,1450,1460,1560,2,Add: 855 + 605 = 1460.,jamb-style
mathematics,Mathematics,ss2,general,Arithmetic,1,Subtract: 552 − 192,370,460,360,350,2,Subtract: 552 − 192 = 360.,jamb-style
mathematics,Mathematics,ss2,general,Arithmetic,1,Add: 880 + 758,1648,1738,1638,1628,2,Add: 880 + 758 = 1638.,jamb-style
mathematics,Mathematics,ss2,general,Arithmetic,1,Subtract: 525 − 186,349,339,329,439,1,Subtract: 525 − 186 = 339.,jamb-style
mathematics,Mathematics,ss2,general,Arithmetic,1,Subtract: 485 − 130,355,345,455,365,0,Subtract: 485 − 130 = 355.,jamb-style
mathematics,Mathematics,ss2,general,Arithmetic,1,Add: 326 + 742,1078,1168,1058,1068,3,Add: 326 + 742 = 1068.,jamb-style
mathematics,Mathematics,ss2,general,Arithmetic,1,Subtract: 484 − 151,343,323,433,333,3,Subtract: 484 − 151 = 333.,jamb-style
mathematics,Mathematics,ss2,general,Arithmetic,1,Add: 365 + 312,677,687,777,667,0,Add: 365 + 312 = 677.,jamb-style
mathematics,Mathematics,ss2,general,Arithmetic,1,Add: 123 + 992,1215,1115,1105,1125,1,Add: 123 + 992 = 1115.,jamb-style
mathematics,Mathematics,ss2,general,Arithmetic,1,Add: 558 + 459,1007,1027,1117,1017,3,Add: 558 + 459 = 1017.,jamb-style
mathematics,Mathematics,ss2,general,Arithmetic,1,Add: 830 + 901,1721,1731,1741,1831,1,Add: 830 + 901 = 1731.,jamb-style
mathematics,Mathematics,ss2,general,Arithmetic,1,Add: 806 + 476,1282,1272,1292,1382,0,Add: 806 + 476 = 1282.,jamb-style
mathematics,Mathematics,ss2,general,Arithmetic,1,Subtract: 228 − 117,111,211,101,121,0,Subtract: 228 − 117 = 111.,jamb-style
mathematics,Mathematics,ss2,general,Arithmetic,1,Subtract: 411 − 162,239,349,249,259,2,Subtract: 411 − 162 = 249.,jamb-style
mathematics,Mathematics,ss2,general,Arithmetic,1,Subtract: 859 − 174,675,695,685,785,2,Subtract: 859 − 174 = 685.,jamb-style
mathematics,Mathematics,ss2,general,Arithmetic,1,Add: 961 + 664,1625,1635,1615,1725,0,Add: 961 + 664 = 1625.,jamb-style
mathematics,Mathematics,ss2,general,Arithmetic,1,Add: 866 + 411,1287,1377,1277,1267,2,Add: 866 + 411 = 1277.,jamb-style
mathematics,Mathematics,ss2,general,Arithmetic,1,Add: 255 + 398,753,653,643,663,1,Add: 255 + 398 = 653.,jamb-style
mathematics,Mathematics,ss2,general,Arithmetic,1,Add: 306 + 637,1043,933,953,943,3,Add: 306 + 637 = 943.,jamb-style
mathematics,Mathematics,ss2,general,Arithmetic,1,Subtract: 893 − 105,798,778,888,788,3,Subtract: 893 − 105 = 788.,jamb-style
mathematics,Mathematics,ss2,general,Arithmetic,1,Add: 292 + 929,1321,1221,1231,1211,1,Add: 292 + 929 = 1221.,jamb-style
mathematics,Mathematics,ss2,general,Arithmetic,1,Subtract: 424 − 120,404,304,294,314,1,Subtract: 424 − 120 = 304.,jamb-style
mathematics,Mathematics,ss2,general,Arithmetic,1,Subtract: 140 − 165,-15,-35,75,-25,3,Subtract: 140 − 165 = -25.,jamb-style
mathematics,Mathematics,ss2,general,Arithmetic,1,Subtract: 404 − 171,233,223,243,333,0,Subtract: 404 − 171 = 233.,jamb-style
mathematics,Mathematics,ss2,general,Arithmetic,1,Subtract: 163 − 134,29,129,39,19,0,Subtract: 163 − 134 = 29.,jamb-style
mathematics,Mathematics,ss2,general,Arithmetic,1,Subtract: 207 − 125,82,182,92,72,0,Subtract: 207 − 125 = 82.,jamb-style
mathematics,Mathematics,ss2,general,Arithmetic,1,Subtract: 967 − 184,773,883,793,783,3,Subtract: 967 − 184 = 783.,jamb-style
mathematics,Mathematics,ss2,general,Arithmetic,1,Add: 310 + 561,881,871,861,971,1,Add: 310 + 561 = 871.,jamb-style
mathematics,Mathematics,ss2,general,Arithmetic,1,Add: 423 + 556,1079,989,969,979,3,Add: 423 + 556 = 979.,jamb-style
mathematics,Mathematics,ss2,general,Arithmetic,1,Add: 976 + 263,1249,1339,1229,1239,3,Add: 976 + 263 = 1239.,jamb-style
mathematics,Mathematics,ss2,general,Arithmetic,1,Subtract: 536 − 142,394,494,384,404,0,Subtract: 536 − 142 = 394.,jamb-style
mathematics,Mathematics,ss2,general,Arithmetic,1,Subtract: 174 − 107,57,167,67,77,2,Subtract: 174 − 107 = 67.,jamb-style
mathematics,Mathematics,ss2,general,Arithmetic,1,Add: 497 + 206,713,703,693,803,1,Add: 497 + 206 = 703.,jamb-style
mathematics,Mathematics,ss2,general,Arithmetic,1,Subtract: 867 − 129,748,838,738,728,2,Subtract: 867 − 129 = 738.,jamb-style
mathematics,Mathematics,ss2,general,Arithmetic,1,Subtract: 142 − 136,106,16,-4,6,3,Subtract: 142 − 136 = 6.,jamb-style
mathematics,Mathematics,ss2,general,Arithmetic,1,Add: 920 + 925,1855,1845,1945,1835,1,Add: 920 + 925 = 1845.,jamb-style
mathematics,Mathematics,ss2,general,Arithmetic,1,Add: 242 + 129,381,471,371,361,2,Add: 242 + 129 = 371.,jamb-style
mathematics,Mathematics,ss2,general,Arithmetic,1,Add: 825 + 406,1221,1331,1241,1231,3,Add: 825 + 406 = 1231.,jamb-style
mathematics,Mathematics,ss2,general,Arithmetic,1,Add: 313 + 480,893,783,803,793,3,Add: 313 + 480 = 793.,jamb-style
mathematics,Mathematics,ss2,general,Arithmetic,1,Add: 418 + 419,847,937,827,837,3,Add: 418 + 419 = 837.,jamb-style
mathematics,Mathematics,ss2,general,Arithmetic,1,Add: 859 + 596,1455,1555,1465,1445,0,Add: 859 + 596 = 1455.,jamb-style
mathematics,Mathematics,ss2,general,Arithmetic,1,Add: 229 + 307,546,526,636,536,3,Add: 229 + 307 = 536.,jamb-style
mathematics,Mathematics,ss2,general,Arithmetic,1,Subtract: 289 − 153,136,146,126,236,0,Subtract: 289 − 153 = 136.,jamb-style
english,English Language,ss2,general,Plurals,1,Choose the correct plural of 'criterion'.,criteria,criterion's,criterions,criterias,0,The plural of 'criterion' is 'criteria'.,waec-style
english,English Language,ss2,general,Plurals,1,Choose the correct plural of 'sheep'.,sheeps,sheepes,sheep,sheep's,2,The plural of 'sheep' is 'sheep'.,waec-style
english,English Language,ss2,general,Plurals,1,Choose the correct plural of 'woman'.,woman's,women,womens,womans,1,The plural of 'woman' is 'women'.,waec-style
english,English Language,ss2,general,Plurals,1,Choose the correct plural of 'passer-by'.,passers-by,passer-bys,passer-bies,passers-bys,0,The plural of 'passer-by' is 'passers-by'.,waec-style
english,English Language,ss2,general,Plurals,1,Choose the correct plural of 'tooth'.,teeths,tooths,teeth,tooth's,2,The plural of 'tooth' is 'teeth'.,waec-style
english,English Language,ss2,general,Plurals,1,Choose the correct plural of 'radius'.,radius',radii,radiuses,radia,1,The plural of 'radius' is 'radii'.,waec-style
english,English Language,ss2,general,Plurals,1,Choose the correct plural of 'mosquito'.,mosquito's,mosquitos',mosquitoes,mosquitoes',2,The plural of 'mosquito' is 'mosquitoes'.,waec-style
english,English Language,ss2,general,Plurals,1,Choose the correct plural of 'hero'.,heros,heroes',heroes,hero's,2,The plural of 'hero' is 'heroes'.,waec-style
english,English Language,ss2,general,Plurals,1,Choose the correct plural of 'datum'.,data,datums,datas,datums',0,The plural of 'datum' is 'data'.,waec-style
english,English Language,ss2,general,Plurals,1,Choose the correct plural of 'analysis'.,analysis',analyzies,analyses,analysises,2,The plural of 'analysis' is 'analyses'.,waec-style
english,English Language,ss2,general,Plurals,1,Choose the correct plural of 'phenomenon'.,phenomenon's,phenomenas,phenomena,phenomenons,2,The plural of 'phenomenon' is 'phenomena'.,waec-style
english,English Language,ss2,general,Plurals,1,Choose the correct plural of 'stimulus'.,stimuluses,stimulus',stimuli,stimulies,2,The plural of 'stimulus' is 'stimuli'.,waec-style
english,English Language,ss2,general,Plurals,1,Choose the correct plural of 'child'.,childrens,children,childes,childs,1,The plural of 'child' is 'children'.,waec-style
english,English Language,ss2,general,Synonyms,2,Choose the word nearest in meaning to 'feeble'.,strong,bold,loud,weak,3,'feeble' means weak.,waec-style
english,English Language,ss2,general,Synonyms,2,Choose the word nearest in meaning to 'commence'.,begin,delay,pause,finish,0,'commence' means begin.,waec-style
english,English Language,ss2,general,Synonyms,2,Choose the word nearest in meaning to 'obsolete'.,modern,rare,outdated,useful,2,'obsolete' means outdated.,waec-style
english,English Language,ss2,general,Synonyms,2,Choose the word nearest in meaning to 'scatter'.,gather,hold,count,disperse,3,'scatter' means disperse.,waec-style
english,English Language,ss2,general,Synonyms,2,Choose the word nearest in meaning to 'thrifty'.,wasteful,rich,frugal,generous,2,'thrifty' means frugal.,waec-style
english,English Language,ss2,general,Synonyms,2,Choose the word nearest in meaning to 'abundant'.,little,scarce,plentiful,rare,2,'abundant' means plentiful.,waec-style
english,English Language,ss2,general,Synonyms,2,Choose the word nearest in meaning to 'candid'.,rude,shy,secretive,frank,3,'candid' means frank.,waec-style
english,English Language,ss2,general,Synonyms,2,Choose the word nearest in meaning to 'lenient'.,just,strict,cruel,merciful,3,'lenient' means merciful.,waec-style
english,English Language,ss2,general,Synonyms,2,Choose the word nearest in meaning to 'mend'.,repair,buy,break,lose,0,'mend' means repair.,waec-style
english,English Language,ss2,general,Synonyms,2,Choose the word nearest in meaning to 'diligent'.,careless,slow,hardworking,lazy,2,'diligent' means hardworking.,waec-style
english,English Language,ss2,general,Synonyms,2,Choose the word nearest in meaning to 'jovial'.,angry,cheerful,sad,quiet,1,'jovial' means cheerful.,waec-style
english,English Language,ss2,general,Synonyms,2,Choose the word nearest in meaning to 'enormous'.,weak,plain,huge,tiny,2,'enormous' means huge.,waec-style
english,English Language,ss2,general,Synonyms,2,Choose the word nearest in meaning to 'immense'.,small,great,low,thin,1,'immense' means great.,waec-style
english,English Language,ss2,general,Synonyms,2,Choose the word nearest in meaning to 'idle'.,busy,quick,lazy,kind,2,'idle' means lazy.,waec-style
english,English Language,ss2,general,Synonyms,2,Choose the word nearest in meaning to 'placid'.,calm,proud,stormy,dull,0,'placid' means calm.,waec-style
english,English Language,ss2,general,Antonyms,2,Choose the word OPPOSITE in meaning to 'liberty'.,right,choice,freedom,captivity,3,The opposite of 'liberty' is 'captivity'.,waec-style
english,English Language,ss2,general,Antonyms,2,Choose the word OPPOSITE in meaning to 'inferior'.,lower,poor,superior,lesser,2,The opposite of 'inferior' is 'superior'.,waec-style
english,English Language,ss2,general,Antonyms,2,Choose the word OPPOSITE in meaning to 'praise'.,commend,criticize,cheer,hail,1,The opposite of 'praise' is 'criticize'.,waec-style
english,English Language,ss2,general,Antonyms,2,Choose the word OPPOSITE in meaning to 'cruel'.,stern,harsh,bitter,kind,3,The opposite of 'cruel' is 'kind'.,waec-style
english,English Language,ss2,general,Antonyms,2,Choose the word OPPOSITE in meaning to 'harsh'.,rough,cruel,hard,mild,3,The opposite of 'harsh' is 'mild'.,waec-style
english,English Language,ss2,general,Antonyms,2,Choose the word OPPOSITE in meaning to 'scarce'.,thin,plentiful,short,rare,1,The opposite of 'scarce' is 'plentiful'.,waec-style
english,English Language,ss2,general,Antonyms,2,Choose the word OPPOSITE in meaning to 'abundant'.,plentiful,scarce,many,rich,1,The opposite of 'abundant' is 'scarce'.,waec-style
english,English Language,ss2,general,Antonyms,2,Choose the word OPPOSITE in meaning to 'famous'.,great,noted,popular,unknown,3,The opposite of 'famous' is 'unknown'.,waec-style
english,English Language,ss2,general,Antonyms,2,Choose the word OPPOSITE in meaning to 'modern'.,ancient,new,late,current,0,The opposite of 'modern' is 'ancient'.,waec-style
english,English Language,ss2,general,Antonyms,2,Choose the word OPPOSITE in meaning to 'wither'.,fade,dry,shrivel,flourish,3,The opposite of 'wither' is 'flourish'.,waec-style
english,English Language,ss2,general,Antonyms,2,Choose the word OPPOSITE in meaning to 'expand'.,widen,grow,spread,contract,3,The opposite of 'expand' is 'contract'.,waec-style
english,English Language,ss2,general,Antonyms,2,Choose the word OPPOSITE in meaning to 'vain'.,empty,humble,showy,proud,1,The opposite of 'vain' is 'humble'.,waec-style
english,English Language,ss2,general,Antonyms,2,Choose the word OPPOSITE in meaning to 'temporary'.,brief,short,permanent,passing,2,The opposite of 'temporary' is 'permanent'.,waec-style
english,English Language,ss2,general,Antonyms,2,Choose the word OPPOSITE in meaning to 'bold'.,daring,timid,brave,loud,1,The opposite of 'bold' is 'timid'.,waec-style
english,English Language,ss2,general,Spelling,1,Choose the correctly spelt word.,necesary,neccessary,necessery,necessary,3,The correct spelling is 'necessary'.,waec-style
english,English Language,ss2,general,Idioms,2,What does the expression 'to hit the nail on the head' mean?,hit someone,miss the point,say exactly the right thing,work hard,2,'to hit the nail on the head' means to say exactly the right thing.,waec-style
english,English Language,ss2,general,Idioms,2,What does the expression 'a blessing in disguise' mean?,a lucky charm,an apparent misfortune that turns out well,a hidden gift,a curse,1,'a blessing in disguise' means an apparent misfortune that turns out well.,waec-style
english,English Language,ss2,general,Idioms,2,What does the expression 'to take to one's heels' mean?,run away,fall down,walk slowly,stand firm,0,'to take to one's heels' means to run away.,waec-style
english,English Language,ss2,general,Idioms,2,What does the expression 'a stitch in time saves nine' mean?,delay is dangerous only sometimes,nine people are needed,sewing saves money,prompt action prevents bigger problems,3,'a stitch in time saves nine' means prompt action prevents bigger problems.,waec-style
english,English Language,ss2,general,Idioms,2,What does the expression 'to burn the midnight oil' mean?,cook at night,work late into the night,set a fire,waste fuel,1,'to burn the midnight oil' means to work late into the night.,waec-style
english,English Language,ss2,general,Idioms,2,What does the expression 'to play second fiddle' mean?,lead a group,play music,take a subordinate role,compete fairly,2,'to play second fiddle' means take a subordinate role.,waec-style
english,English Language,ss2,general,Idioms,2,What does the expression 'to keep body and soul together' mean?,stay alive,dress well,exercise daily,pray often,0,'to keep body and soul together' means to stay alive.,waec-style
english,English Language,ss2,general,Idioms,2,What does the expression 'to let the cat out of the bag' mean?,reveal a secret,free an animal,buy a pet,tell a lie,0,'to let the cat out of the bag' means to reveal a secret.,waec-style
english,English Language,ss2,general,Idioms,2,What does the expression 'a white elephant' mean?,a costly but useless possession,a rare animal,a strong leader,a lucky symbol,0,'a white elephant' means a costly but useless possession.,waec-style
english,English Language,ss2,general,Idioms,2,What does the expression 'to break the ice' mean?,start a conversation,cause a quarrel,make tea,end a friendship,0,'to break the ice' means to start a conversation.,waec-style
english,English Language,ss2,general,Idioms,2,What does the expression 'once in a blue moon' mean?,every night,often,monthly,very rarely,3,'once in a blue moon' means very rarely.,waec-style
english,English Language,ss2,general,Idioms,2,What does the expression 'at daggers drawn' mean?,openly hostile,very close,quietly angry,well armed,0,'at daggers drawn' means openly hostile.,waec-style
english,English Language,ss2,general,Idioms,2,What does the expression 'as plain as day' mean?,hidden,beautiful,simple-hearted,very obvious,3,'as plain as day' means very obvious.,waec-style
english,English Language,ss2,general,Parts of Speech,1,"In the sentence 'She sings beautifully', the word 'beautifully' is:",An adverb,A noun,A verb,An adjective,0,"It tells HOW she sings, so it modifies the verb — an adverb.",waec-style
english,English Language,ss2,general,Parts of Speech,1,Which of these is a common noun?,Sarah,Lagos,Monday,Chair,3,'Chair' names a general class of things.,waec-style
english,English Language,ss2,general,Parts of Speech,2,"In 'The boy WHO came here is my brother', the capitalised word is:",A relative pronoun,A pronoun,A conjunction,An adverb,0,'Who' joins a clause to its noun — a relative pronoun.,waec-style
english,English Language,ss2,general,Parts of Speech,2,Identify the gerund: 'Swimming is good exercise.',is,good,Swimming,exercise,2,'Swimming' acts as a noun (subject) — a gerund.,waec-style
english,English Language,ss2,general,Parts of Speech,2,"'Quickly', 'gently' and 'badly' are examples of:",Prepositions,Adjectives,Conjunctions,Adverbs,3,They modify verbs — adverbs.,waec-style
english,English Language,ss2,general,Tenses,1,Choose the correct form: 'She ____ to school every day.',gone,go,goes,going,2,Third person singular in present simple takes -s: goes.,waec-style
english,English Language,ss2,general,Tenses,2,"'By next year, they ____ the building.'",will have completed,complete,will complete,have completed,0,An action finished before a future point takes the future perfect.,waec-style
english,English Language,ss2,general,Tenses,2,'I ____ my homework before he arrived.',have finished,finished,finish,had finished,3,The earlier of two past actions takes the past perfect.,waec-style
english,English Language,ss2,general,Tenses,1,'Water ____ at 100°C.',is boiling,boils,boil,boiled,1,General truths take the simple present: boils.,waec-style
english,English Language,ss2,general,Tenses,2,He said he ____ coming.,was,has been,will be,is,0,"After 'said', present shifts to past: was.",waec-style
english,English Language,ss2,general,Concord,1,Choose the correct sentence:,The list of items are long,The lists of items is long,The list of items were long,The list of items is long,3,The subject is 'list' (singular): 'is long'.,waec-style
english,English Language,ss2,general,Concord,1,Neither of the boys ____ present.,have been,is,were,are,1,'Neither' is singular: is.,waec-style
english,English Language,ss2,general,Concord,2,Each of the students ____ a desk.,has,are having,have,having,0,'Each' takes a singular verb: has.,waec-style
english,English Language,ss2,general,Concord,2,Bread and butter ____ my favourite breakfast.,were,have been,are,is,3,"One dish, one unit — singular verb.",waec-style
english,English Language,ss2,general,Prepositions,1,The book is ____ the table.,to,on,in,at,1,Resting on a surface: 'on'.,waec-style
english,English Language,ss2,general,Prepositions,1,She is good ____ Mathematics.,in,on,for,at,3,We say 'good at' a skill or subject.,waec-style
english,English Language,ss2,general,Prepositions,2,He has been living here ____ 2010.,at,from,since,for,2,'Since' marks a starting point in time.,waec-style
english,English Language,ss2,general,Prepositions,2,The manager insisted ____ seeing the report.,to,on,at,for,1,'Insist on' is the fixed expression.,waec-style
english,English Language,ss2,general,Prepositions,2,She apologised ____ her mistake.,for,with,on,of,0,One apologises FOR a fault.,waec-style
english,English Language,ss2,general,Articles,1,He is ____ honest man.,an,a,some,the,0,'Honest' begins with a vowel SOUND: an.,waec-style
english,English Language,ss2,general,Articles,1,____ sun rises in the east.,The,A,An,Some,0,Unique objects take 'the'.,waec-style
english,English Language,ss2,general,Articles,2,She plays ____ piano beautifully.,some,a,an,the,3,Musical instruments take 'the' after 'play'.,waec-style
english,English Language,ss2,general,Punctuation,1,Which sentence is correctly punctuated?,It s raining outside,Its' raining outside,Its raining outside,It's raining outside,3,It's = it is.,waec-style
english,English Language,ss2,general,Punctuation,1,A direct question ends with:,A comma,A full stop,A colon,A question mark,3,Direct questions take question marks.,waec-style
english,English Language,ss2,general,Comparisons,1,This book is ____ interesting than that one.,much,very,most,more,3,Two things: comparative 'more'.,waec-style
english,English Language,ss2,general,Comparisons,1,She is the ____ girl in the class.,tallest,taller,tall,most tall,0,More than two: superlative 'tallest'.,waec-style
english,English Language,ss2,general,Comparisons,2,He is as tall ____ his brother.,than,as,like,so,1,The pattern is 'as ... as'.,waec-style
english,English Language,ss2,general,Comparisons,2,"The ____ you practise, the better you become.",many,much,most,more,3,"The pattern 'the more ..., the better ...'.",waec-style
english,English Language,ss2,general,Vocabulary,2,A person who studies stars is called an:,astrologer,anthropologist,astronomer,astronaut,2,Astronomers study celestial bodies scientifically.,waec-style
english,English Language,ss2,general,Vocabulary,2,A speech made without preparation is:,prepared,formal,impromptu,rehearsed,2,"Impromptu = off-hand, unprepared.",waec-style
english,English Language,ss2,general,Vocabulary,2,One who loves mankind is a:,misanthrope,optometrist,pessimist,philanthropist,3,A philanthropist promotes others' welfare.,waec-style
english,English Language,ss2,general,Vocabulary,2,A remedy for all diseases is a:,parasite,panacea,panorama,pandemic,1,A panacea cures everything (figuratively).,waec-style
english,English Language,ss2,general,Vocabulary,3,Fear of enclosed spaces is:,xenophobia,claustrophobia,hydrophobia,acrophobia,1,Claustrophobia = fear of confined spaces.,waec-style
english,English Language,ss2,general,Vocabulary,3,Words opposite in meaning are:,homophones,synonyms,homonyms,antonyms,3,Antonyms are opposites.,waec-style
english,English Language,ss2,general,Vocabulary,2,"A word that reads the same backwards, like 'madam', is a:",palindrome,acronym,anagram,synonym,0,A palindrome reads the same both ways.,waec-style
english,English Language,ss2,general,Lexis & Structure,2,Choose the formal alternative: 'The teacher asked us to ____ the form.',fill out,do,fill in,complete,3,'Complete' is the most formal register.,waec-style
english,English Language,ss2,general,Lexis & Structure,2,'Can I go?' is less polite than:,Must I go?,May I go?,Will I go?,Shall I go?,1,'May I' requests permission politely.,waec-style
english,English Language,ss2,general,Lexis & Structure,2,The underlined word in 'He drew a LINE' cannot mean: nothing underlined — pick the odd word: which word does NOT mean a drawing?,sketch,portrait,drizzle,illustration,2,"A sketch, portrait and illustration are drawings; drizzle is light rain.",waec-style
english,English Language,ss2,general,Conjunctions,1,He ran fast ____ he missed the bus.,and,or,so,but,3,The contrast takes 'but'.,waec-style
english,English Language,ss2,general,Conjunctions,2,"____ he was tired, he finished the work.",Despite,Therefore,Because,Although,3,'Although' introduces the concession clause.,waec-style
english,English Language,ss2,general,Conjunctions,2,Work hard ____ you will fail.,so,but,or,and,2,'Or' expresses the negative alternative.,waec-style
english,English Language,ss2,general,Voice,2,Change to passive: 'The chef cooked the meal.',The meal is cooked by the chef,The meal was cooked by the chef,The meal cooked by the chef,The meal has cooked by the chef,1,Past simple passive: was cooked.,waec-style
english,English Language,ss2,general,Voice,2,'The letter was written by Ada' is in the:,passive voice,active voice,subjunctive,imperative,0,The subject receives the action — passive.,waec-style
english,English Language,ss2,general,Clauses,3,"In 'The man who called is my uncle', 'who called' is:",a phrase,a sentence,a subordinate clause,a main clause,2,It depends on the main clause — subordinate.,waec-style
english,English Language,ss2,general,Clauses,3,Identify the noun clause: 'I know THAT HE IS HONEST.',that he is honest,honest,I know,he is,0,It functions as the object of 'know'.,waec-style
english,English Language,ss2,general,Stress & Sounds,2,How many syllables are in 'education'?,4,2,5,3,0,e-du-ca-tion = 4 syllables.,waec-style
english,English Language,ss2,general,Stress & Sounds,2,The word 'record' is stressed on the FIRST syllable when used as a:,verb,noun,adverb,adjective,1,As a noun: RE-cord; as a verb: re-CORD.,waec-style
english,English Language,ss2,general,Stress & Sounds,3,Which word is stressed on the second syllable?,TEAcher,CIty,hoTEL,TAble,2,ho-TEL carries stress on the second syllable.,waec-style
english,English Language,ss2,general,Parts of Speech,1,"In 'The TWO boys', 'two' is:",a numeral/determiner,a verb,a pronoun,an adverb,0,Numbers that count nouns are determiners (numerals).,waec-style
english,English Language,ss2,general,Parts of Speech,2,'Alas!' is an example of a(n):,interjection,conjunction,preposition,adverb,0,Interjections express sudden feeling.,waec-style
english,English Language,ss2,general,Parts of Speech,2,"In 'He HIMSELF did it', 'himself' is:",a relative pronoun,a reflexive pronoun,a possessive,a demonstrative,1,-self forms acting on the subject are reflexive.,waec-style
english,English Language,ss2,general,Parts of Speech,3,"'And', 'but', 'or' are:",interjections,prepositions,pronouns,conjunctions,3,They join words or clauses.,waec-style
english,English Language,ss2,general,Tenses,1,She ____ her work already.,is finishing,has finished,finishes,finished only,1,'Already' pairs with the present perfect.,waec-style
english,English Language,ss2,general,Tenses,2,They ____ football when it started to rain.,played,were playing,have played,play,1,An action in progress in the past: past continuous.,waec-style
english,English Language,ss2,general,Tenses,2,"If I ____ rich, I would build a school.",were,was being,am,will be,0,Second conditional uses 'were'.,waec-style
english,English Language,ss2,general,Tenses,3,"By the time you arrive, we ____ dinner.",will eat,eat,will have eaten,ate,2,Future perfect for an action completed before a future time.,waec-style
english,English Language,ss2,general,Concord,1,The news ____ good today.,have been,were,are,is,3,'News' is singular: is.,waec-style
english,English Language,ss2,general,Concord,2,Ten naira ____ not enough for the ride.,are,were,being,is,3,Sums of money take singular verbs.,waec-style
english,English Language,ss2,general,Concord,2,The quality of the questions ____ high.,have,is,were,are,1,The head noun 'quality' is singular.,waec-style
english,English Language,ss2,general,Concord,3,Either the teacher or the students ____ responsible.,is,has been,are,was,2,"With 'either...or', the nearer subject governs the verb.",waec-style
english,English Language,ss2,general,Prepositions,1,He arrived ____ Lagos at noon.,at,in,to,into,1,"Arrive IN a city, AT a point.",waec-style
english,English Language,ss2,general,Prepositions,2,She is afraid ____ the dark.,of,from,with,at,0,Afraid OF is standard.,waec-style
english,English Language,ss2,general,Prepositions,2,They congratulated him ____ his success.,with,for,on,about,2,Congratulate somebody ON something.,waec-style
english,English Language,ss2,general,Prepositions,3,The suffix '-ful' in 'careful' means:,again,without,full of,before,2,-ful = full of.,waec-style
english,English Language,ss2,general,Articles,1,He bought ____ university book.,an,the,some,a,3,'University' begins with a /j/ sound: a.,waec-style
english,English Language,ss2,general,Articles,2,____ elephant is the largest land animal.,A,An,Some,The,3,A whole class is expressed with 'the' + singular.,waec-style
english,English Language,ss2,general,Punctuation,2,Which sentence uses the apostrophe correctly?,The boys' books are new,The boy's are new books,The boys books' are new,The boys books are new,0,Plural possessive: boys'.,waec-style
english,English Language,ss2,general,Punctuation,2,Items in a list are separated by:,colons,dashes,commas,full stops,2,Commas separate list items.,waec-style
english,English Language,ss2,general,Vocabulary,1,A doctor who treats children is a:,psychiatrist,podiatrist,physician,paediatrician,3,Paediatricians care for children.,waec-style
english,English Language,ss2,general,Vocabulary,2,A person who writes dictionaries is a:,philologist,cartographer,lexicographer,stenographer,2,Lexicographers compile dictionaries.,waec-style
english,English Language,ss2,general,Vocabulary,2,Something that cannot be read is:,legible,eligible,negligible,illegible,3,Illegible = unreadable.,waec-style
english,English Language,ss2,general,Vocabulary,3,A speech in praise of someone is a:,elegy,eulogy,epitaph,epilogue,1,A eulogy praises; an elegy mourns.,waec-style
english,English Language,ss2,general,Vocabulary,3,The study of word origins is:,ethnology,entomology,ecology,etymology,3,Etymology traces word histories.,waec-style
english,English Language,ss2,general,Lexis & Structure,2,The meeting was put ____ till Friday.,on,up,off,out,2,Put off = postponed.,waec-style
english,English Language,ss2,general,Lexis & Structure,3,The word 'candidly' as used in 'To speak candidly' means:,rudely,quietly,sweetly,frankly,3,"Candidly = frankly, openly.",waec-style
english,English Language,ss2,general,Voice,2,Passive of 'They are building a bridge':,A bridge has built,A bridge is built,A bridge is being built,A bridge was built,2,Present continuous passive: is being built.,waec-style
english,English Language,ss2,general,Question Tags,2,"'She is coming, ____?'",isn't it,is she,isn't she,does she,2,Positive statement → negative tag with same auxiliary.,waec-style
english,English Language,ss2,general,Question Tags,3,"'You hardly study, ____?'",do you,don't you,won't you,didn't you,0,'Hardly' makes it negative → positive tag 'do you'.,waec-style
english,English Language,ss2,general,Phrases & Clauses,2,'In the morning' is a:,clause,fragment only,sentence,phrase,3,No subject+verb finite pair: a phrase.,waec-style
english,English Language,ss2,general,Phrases & Clauses,3,The adverb clause in 'He left because he was tired' is:,because he was tired,he was,tired,He left,0,It tells why — an adverbial clause.,waec-style
english,English Language,ss2,general,Stress & Sounds,2,The number of sounds in 'church' is:,3,5,2,4,0,ch + or + ch = 3 sounds.,waec-style
english,English Language,ss2,general,Stress & Sounds,3,Which pair rhymes?,pull / pool,bite / beat,blue / true,cat / cart,2,Blue and true share the /uː/ sound.,waec-style
english,English Language,ss2,general,Summary Skills,2,A good summary must be:,long,brief and precise,copied,decorated,1,Brevity + accuracy define summaries.,waec-style
english,English Language,ss2,general,Comprehension,2,The topic sentence of a paragraph usually states its:,grammar,end,main idea,spelling,2,It carries the paragraph's central thought.,waec-style
biology,Biology,ss1,science,Cell,1,The cell organelle known as the powerhouse is the:,ribosome,vacuole,nucleus,mitochondrion,3,"Mitochondria carry out respiration, releasing energy.",jamb-style
biology,Biology,ss1,science,Cell,1,Which organelle contains the cell's DNA?,Nucleus,Ribosome,Lysosome,Centrosome,0,The nucleus stores genetic material.,jamb-style
biology,Biology,ss2,science,Cell,2,The site of protein synthesis in a cell is the:,chloroplast,Golgi body,ribosome,mitochondrion,2,Ribosomes assemble amino acids into proteins.,jamb-style
biology,Biology,ss2,science,Cell,2,Which structure is found in plant cells but NOT animal cells?,Mitochondrion,Nucleus,Cell wall,Cell membrane,2,Plant cells have cellulose cell walls.,jamb-style
biology,Biology,ss2,science,Cell,2,The process by which water passes across a semi-permeable membrane is:,osmosis,diffusion,plasmolysis,active transport,0,Osmosis is the movement of water down a water-potential gradient.,jamb-style
biology,Biology,ss3,science,Cell,3,Plasmolysis occurs when a plant cell is placed in a:,hypertonic solution,hypotonic solution,isotonic solution,distilled water,0,Water leaves the cell in a hypertonic solution; the protoplasm shrinks.,jamb-style
biology,Biology,ss2,science,Cell,2,Which tissue transports water in flowering plants?,Cortex,Xylem,Phloem,Cambium,1,Xylem carries water and dissolved minerals upward.,jamb-style
biology,Biology,ss2,science,Cell,2,The tissue that transports manufactured food in plants is:,pith,epidermis,xylem,phloem,3,Phloem translocates sucrose and other products.,jamb-style
biology,Biology,ss1,science,Nutrition,1,Photosynthesis produces glucose and:,hydrogen,nitrogen,oxygen,carbon dioxide,2,6CO₂ + 6H₂O → C₆H₁₂O₆ + 6O₂.,jamb-style
biology,Biology,ss1,science,Nutrition,1,The green pigment needed for photosynthesis is:,carotene,chlorophyll,melanin,haemoglobin,1,Chlorophyll traps light energy.,jamb-style
biology,Biology,ss2,science,Nutrition,2,Which element is needed by plants in the largest quantity for leaf growth?,Zinc,Boron,Nitrogen,Copper,2,Nitrogen is a major component of proteins and chlorophyll.,jamb-style
biology,Biology,ss2,science,Nutrition,2,The enzyme in saliva acts on:,fats,vitamins,starch,proteins,2,Salivary amylase (ptyalin) breaks down starch to maltose.,jamb-style
biology,Biology,ss2,science,Nutrition,2,Bile is produced by the ____ and stored in the ____.,liver; gall bladder,gall bladder; liver,pancreas; liver,stomach; pancreas,0,Bile is made in the liver and stored in the gall bladder.,jamb-style
biology,Biology,ss2,science,Nutrition,2,The end products of protein digestion are:,amino acids,glycerol,fatty acids,glucose,0,Proteins are digested to amino acids.,jamb-style
biology,Biology,ss3,science,Nutrition,3,Deficiency of vitamin C causes:,rickets,scurvy,night blindness,beri-beri,1,Vitamin C deficiency causes scurvy — bleeding gums.,jamb-style
biology,Biology,ss2,science,Nutrition,2,Which vitamin is produced in the skin by sunlight?,Vitamin D,Vitamin C,Vitamin A,Vitamin K,0,Sunlight converts a skin sterol to vitamin D.,jamb-style
biology,Biology,ss1,science,Respiration,1,The gas taken in during aerobic respiration is:,carbon dioxide,hydrogen,oxygen,nitrogen,2,Aerobic respiration uses oxygen.,jamb-style
biology,Biology,ss2,science,Respiration,2,Anaerobic respiration in muscle produces lactic acid and:,little ATP,oxygen,much ATP,alcohol,0,Anaerobic respiration yields far less ATP.,jamb-style
biology,Biology,ss2,science,Respiration,2,"The first stage of cellular respiration, glycolysis, occurs in the:",nucleus,ribosome,mitochondrion,cytoplasm,3,Glycolysis occurs in the cytoplasm.,jamb-style
biology,Biology,ss3,science,Respiration,3,One molecule of glucose can yield up to how many ATP (approx.)?,100,8,2,38,3,Complete oxidation of glucose yields about 38 ATP.,jamb-style
biology,Biology,ss1,science,Transport,1,The blood cells that carry oxygen are:,red blood cells,platelets,white blood cells,plasma cells,0,Red blood cells contain haemoglobin.,jamb-style
biology,Biology,ss2,science,Transport,2,The blood vessel that carries blood AWAY from the heart is an:,capillary,auricle,vein,artery,3,Arteries carry blood away from the heart.,jamb-style
biology,Biology,ss2,science,Transport,2,Which chamber of the heart pumps blood to the body?,Left ventricle,Right atrium,Right ventricle,Left atrium,0,The left ventricle pumps blood through the aorta.,jamb-style
biology,Biology,ss2,science,Transport,2,The liquid part of blood is:,plasma,serum only,lymph,haemoglobin,0,Plasma is the fluid matrix of blood.,jamb-style
biology,Biology,ss3,science,Transport,3,Blood in the pulmonary artery is:,deoxygenated,empty,oxygenated,mixed,0,It carries deoxygenated blood to the lungs.,jamb-style
biology,Biology,ss1,science,Excretion,1,The organ that removes urea from the blood is the:,skin,lung,kidney,liver,2,Kidneys filter urea from blood to form urine.,jamb-style
biology,Biology,ss2,science,Excretion,2,The basic functional unit of the kidney is the:,villus,nephron,neurone,alveolus,1,Each kidney contains about a million nephrons.,jamb-style
biology,Biology,ss2,science,Excretion,2,Which structure is the site of gaseous exchange in the lungs?,Bronchus,Pleura,Trachea,Alveolus,3,Alveoli are thin-walled air sacs for gas exchange.,jamb-style
biology,Biology,ss2,science,Excretion,2,The liver excretes bile pigments and also stores:,urea,glycogen,oxygen,insulin,1,The liver stores glycogen and many vitamins.,jamb-style
biology,Biology,ss1,science,Reproduction,1,The male gamete in flowering plants is contained in the:,stigma,ovule,sepal,pollen grain,3,Pollen carries the male gamete.,jamb-style
biology,Biology,ss2,science,Reproduction,2,Fertilisation in flowering plants occurs in the:,ovary,stigma,anther,style,0,"It occurs in the ovary, forming the zygote.",jamb-style
biology,Biology,ss2,science,Reproduction,2,"In humans, fertilisation normally occurs in the:",vagina,ovary,oviduct,uterus,2,Sperm meets egg in the oviduct (fallopian tube).,jamb-style
biology,Biology,ss2,science,Reproduction,2,The placenta allows exchange between mother and foetus of:,nothing,urea only,blood cells directly,food and oxygen,3,Nutrients and gases diffuse across; blood does not mix.,jamb-style
biology,Biology,ss3,science,Reproduction,3,The menstrual cycle is controlled mainly by:,thyroxine,adrenaline,oestrogen and progesterone,insulin,2,Ovarian hormones control the cycle.,jamb-style
biology,Biology,ss3,science,Reproduction,3,Which is NOT an asexual method of reproduction?,binary fission,conjugation,spore formation,budding,1,Conjugation involves two parents exchanging genetic material.,jamb-style
biology,Biology,ss2,science,Genetics,2,The physical expression of a gene pair is the:,gamete,allele,phenotype,genotype,2,Phenotype is what is seen/expressed.,jamb-style
biology,Biology,ss2,science,Genetics,2,A cross between two heterozygous tall plants (Tt × Tt) gives a phenotypic ratio of:,3:1,1:1,9:3:3:1,1:2:1,0,Three tall to one short.,jamb-style
biology,Biology,ss3,science,Genetics,3,The genetic make-up of an organism is its:,phenotype,karyotype,genotype,phenocopy,2,Genotype = the alleles present.,jamb-style
biology,Biology,ss3,science,Genetics,3,A person with genotype IAi has blood group:,AB,A,B,O,1,"IA is dominant over i, so the group is A.",jamb-style
biology,Biology,ss3,science,Genetics,3,Down's syndrome results from:,a missing chromosome,an extra chromosome 21,a gene mutation,a virus,1,Trisomy of chromosome 21.,jamb-style
biology,Biology,ss1,science,Ecology,1,Organisms that make their own food are called:,autotrophs,heterotrophs,parasites,saprophytes,0,Autotrophs photosynthesise.,jamb-style
biology,Biology,ss1,science,Ecology,1,"In a food chain, green plants are:",decomposers,producers,predators,primary consumers,1,Plants produce food for the chain.,jamb-style
biology,Biology,ss2,science,Ecology,2,Organisms that break down dead matter are:,carnivores,producers,decomposers,herbivores,2,Bacteria and fungi decompose dead remains.,jamb-style
biology,Biology,ss2,science,Ecology,2,The transfer of energy in an ecosystem is:,constant,linear and lost at each step,reversible,cyclical,1,Energy flows one way; much is lost as heat at each level.,jamb-style
biology,Biology,ss2,science,Ecology,2,Which gas contributes most to global warming?,Argon,Nitrogen,Oxygen,Carbon dioxide,3,CO₂ traps infrared radiation in the atmosphere.,jamb-style
biology,Biology,ss3,science,Ecology,3,Symbiosis where BOTH partners benefit is:,parasitism,mutualism,predation,commensalism,1,"Mutualism benefits both, e.g. rhizobium in legumes.",jamb-style
biology,Biology,ss1,science,Nervous System,1,The basic unit of the nervous system is the:,neutron,axon,neurone,nephron,2,The neurone (nerve cell) transmits impulses.,jamb-style
biology,Biology,ss2,science,Nervous System,2,The gap between two neurones is the:,synapse,myelin,node,dendrite,0,Impulses cross the synapse chemically.,jamb-style
biology,Biology,ss2,science,Nervous System,2,Which part of the brain controls balance?,Cerebrum,Medulla,Hypothalamus,Cerebellum,3,The cerebellum coordinates posture and balance.,jamb-style
biology,Biology,ss2,science,Nervous System,2,A reflex action is controlled by the:,cerebellum only,spinal cord,cerebrum,medulla only,1,Reflex arcs pass through the spinal cord.,jamb-style
biology,Biology,ss2,science,Hormones,2,Insulin is produced by the:,pituitary,kidney,pancreas,liver,2,Beta cells of the islets of Langerhans secrete insulin.,jamb-style
biology,Biology,ss2,science,Hormones,2,Insulin lowers blood:,salt,glucose,oxygen,calcium,1,"Insulin promotes glucose uptake, lowering blood sugar.",jamb-style
biology,Biology,ss3,science,Hormones,3,The 'master gland' of the body is the:,thyroid,pancreas,adrenal,pituitary,3,The pituitary controls other endocrine glands.,jamb-style
biology,Biology,ss3,science,Hormones,3,Adrenaline prepares the body for:,sleep,fight or flight,growth,digestion,1,It raises heart rate and blood glucose.,jamb-style
biology,Biology,ss1,science,Diversity,1,Malaria is caused by:,a virus,a bacterium,Plasmodium (a protozoan),a fungus,2,Plasmodium is transmitted by female Anopheles mosquitoes.,jamb-style
biology,Biology,ss2,science,Diversity,2,Which organism causes cholera?,Plasmodium,Vibrio cholerae,Candida,Ascaris,1,Cholera is a bacterial disease.,jamb-style
biology,Biology,ss2,science,Diversity,2,HIV is transmitted by all EXCEPT:,sharing needles,sexual contact,handshakes,blood transfusion,2,Casual contact does not transmit HIV.,jamb-style
biology,Biology,ss2,science,Diversity,2,Bacteria that are rod-shaped are called:,bacilli,vibrio,cocci,spirilla,0,Bacilli are rods; cocci are spheres.,jamb-style
biology,Biology,ss3,science,Diversity,3,The five-kingdom classification was proposed by:,Mendel,Linnaeus,Darwin,Robert Whittaker,3,Whittaker's five kingdoms (1969).,jamb-style
biology,Biology,ss1,science,Life Processes,1,Which is a characteristic of ALL living things?,respiration,flight,photosynthesis,speech,0,All living things respire.,jamb-style
biology,Biology,ss2,science,Life Processes,2,The increase in size of an organism is called:,development,nutrition,reproduction,growth,3,Growth is a permanent increase in size.,jamb-style
biology,Biology,ss2,science,Life Processes,2,Responsiveness of an organism to stimuli is called:,turgidity,motility,irritability,plasticity,2,Irritability = response to stimuli.,jamb-style
biology,Biology,ss1,science,Skeleton,1,The long bone of the upper arm is the:,humerus,radius,femur,tibia,0,The bone of the upper arm is the humerus.,jamb-style
biology,Biology,ss1,science,Skeleton,1,The longest bone in the human body is the:,humerus,fibula,tibia,femur,3,The femur (thigh bone) is the longest.,jamb-style
biology,Biology,ss2,science,Skeleton,2,The joint at the shoulder is a:,ball and socket joint,pivot joint,hinge joint,fixed joint,0,Ball and socket allows rotation in many planes.,jamb-style
biology,Biology,ss2,science,Skeleton,2,Cartilage differs from bone because it:,contains minerals,is flexible,has marrow,is hard,1,Cartilage is firm but flexible.,jamb-style
biology,Biology,ss2,science,Respiratory,2,"During inhalation, the diaphragm:",disappears,contracts and flattens,relaxes,rises,1,"A contracting, flattened diaphragm enlarges the chest cavity.",jamb-style
biology,Biology,ss3,science,Respiratory,3,Oxygen is transported in blood mainly as:,carbonic acid,dissolved gas,oxyhaemoglobin,plasma protein,2,Haemoglobin binds oxygen to form oxyhaemoglobin.,jamb-style
biology,Biology,ss2,science,Plant Biology,2,Geotropism is a growth response to:,water,light,gravity,touch,2,Geo- refers to gravity.,jamb-style
biology,Biology,ss2,science,Plant Biology,2,Auxin is a plant:,gas,pigment,hormone,cell,2,Auxins regulate growth.,jamb-style
biology,Biology,ss3,science,Plant Biology,3,Insect-pollinated flowers usually have:,no petals,feathery stigmas,sticky pollen and scent,much pollen in wind,2,They attract insects with scent/nectar and sticky pollen.,jamb-style
biology,Biology,ss2,science,Plant Biology,2,"Seed germination requires water, oxygen and a suitable:",soil,fungus,temperature,light,2,Warmth (temperature) is the third need.,jamb-style
biology,Biology,ss3,science,Evolution,3,Natural selection was proposed by:,Mendel,Pasteur,Lamarck only,Charles Darwin,3,Darwin published it in 'On the Origin of Species'.,jamb-style
biology,Biology,ss3,science,Evolution,3,Fossils are evidence of:,past life,plant hormones,future organisms,living bacteria,0,Fossils are preserved remains of past life.,jamb-style
biology,Biology,ss2,science,Homeostasis,2,Homeostasis means maintaining a constant internal:,population,species,environment,size,2,It is the regulation of the internal environment.,jamb-style
biology,Biology,ss3,science,Homeostasis,3,Sweating cools the body because water evaporating:,creates salt,absorbs latent heat,releases heat,blocks sun,1,Evaporation absorbs latent heat from the skin.,jamb-style
biology,Biology,ss2,science,Homeostasis,2,"When blood sugar falls, the pancreas secretes:",glucagon,adrenaline,bile,insulin,0,Glucagon raises blood glucose.,jamb-style
biology,Biology,ss2,science,Agricultural Bio,2,Legumes improve soil fertility because their roots harbour bacteria that fix:,nitrogen,carbon,oxygen,phosphorus,0,Rhizobium fixes atmospheric nitrogen.,jamb-style
biology,Biology,ss2,science,Senses,2,The lens of the eye focuses light on the:,retina,cornea,optic nerve,iris,0,The retina bears the light-sensitive cells.,jamb-style
biology,Biology,ss2,science,Senses,2,Colour blindness results from a defect in the:,cornea,pupil,lens,retinal cones,3,Cones handle colour vision.,jamb-style
biology,Biology,ss1,science,Tools,1,The instrument used to observe cells is a:,telescope,microscope,barometer,periscope,1,Microscopes magnify tiny structures.,jamb-style
biology,Biology,ss2,science,Cell,2,Which organelle packages and secretes cell products?,Golgi body,Nucleolus,Ribosome,Vacuole,0,The Golgi body packages secretions.,jamb-style
biology,Biology,ss2,science,Nutrition,2,Photosynthesis mainly occurs in the ____ of the leaf.,xylem,epidermis,cuticle,mesophyll (palisade) cells,3,Palisade mesophyll holds most chloroplasts.,jamb-style
biology,Biology,ss3,science,Transport,3,The valve between the left atrium and left ventricle is the:,aortic,tricuspid,pulmonary,bicuspid (mitral),3,The mitral valve guards the left side.,jamb-style
biology,Biology,ss3,science,Genetics,3,A cross Tt × Tt produces homozygous offspring in the ratio:,1 tall : 1 short,1 TT : 2 Tt : 1 tt,all Tt,3 : 1,1,Genotypic ratio 1:2:1.,jamb-style
biology,Biology,ss2,science,Ecology,2,The natural home of an organism is its:,population,niche,habitat,biome only,2,Habitat = address; niche = role.,jamb-style
biology,Biology,ss3,science,Ecology,3,The water cycle returns water to the atmosphere mainly by:,filtration,transpiration and evaporation,rain only,erosion,1,Evaporation + transpiration lift water vapour.,jamb-style
biology,Biology,ss2,science,Nervous System,2,The largest part of the human brain is the:,cerebrum,medulla,pons,cerebellum,0,The cerebrum handles higher functions.,jamb-style
biology,Biology,ss2,science,Respiration,2,Yeasts ferment glucose to ____ and CO₂.,ethanol,methane,glycogen,lactic acid,0,Alcoholic fermentation yields ethanol.,jamb-style
biology,Biology,ss2,science,Reproduction,2,Wind-pollinated flowers usually have:,bright petals,large sticky stigmas,small feathery stigmas,nectar,2,Feathery stigmas catch airborne pollen.,jamb-style
biology,Biology,ss2,science,Health,2,Vaccines contain ____ to stimulate immunity.,antibiotics,sugar,toxins only,weakened pathogens or their parts,3,Antigens train the immune system safely.,jamb-style
biology,Biology,ss3,science,Genetics,3,Haemophilia is a ____-linked condition.,Y,X,autosome only,Z,1,Its gene sits on the X chromosome.,jamb-style
biology,Biology,ss2,science,Diversity,2,Mushrooms and moulds belong to the kingdom:,Monera,Fungi,Protista,Plantae,1,Fungi absorb food and reproduce by spores.,jamb-style
chemistry,Chemistry,ss1,science,Atomic Structure,1,The proton number of an atom is the number of:,nucleons,neutrons,electrons plus neutrons,protons,3,Proton (atomic) number = number of protons.,jamb-style
chemistry,Chemistry,ss1,science,Atomic Structure,1,An atom of carbon with mass number 12 has how many neutrons?,18,12,0,6,3,Neutrons = mass number − proton number = 12 − 6.,jamb-style
chemistry,Chemistry,ss2,science,Atomic Structure,2,Isotopes of an element have the same number of ____ but different ____.,electrons; protons,protons; electrons,protons; neutrons,neutrons; protons,2,Isotopes differ only in neutron number.,jamb-style
chemistry,Chemistry,ss2,science,Atomic Structure,2,The electron configuration of sodium (Z=11) is:,"2,8,1","1,8,2","2,9","2,8,8",0,"2 in K, 8 in L, 1 in M shell.",jamb-style
chemistry,Chemistry,ss3,science,Atomic Structure,3,Sub-atomic particle with NO charge:,neutron,electron,proton,positron,0,Neutrons are electrically neutral.,jamb-style
chemistry,Chemistry,ss1,science,Periodic Table,1,Elements in the same group of the periodic table have the same number of:,neutrons,outer-shell electrons,shells,protons,1,Group number reflects outer electron count.,jamb-style
chemistry,Chemistry,ss2,science,Periodic Table,2,The most reactive non-metal group is the:,alkali metals,transition metals,halogens,noble gases,2,Halogens (group 7) are highly reactive non-metals.,jamb-style
chemistry,Chemistry,ss2,science,Periodic Table,2,Noble gases are unreactive because they:,have full outer shells,are heavy,are gases,conduct electricity,0,A complete outer shell means stability.,jamb-style
chemistry,Chemistry,ss2,science,Periodic Table,2,"Moving across a period, atomic radius:",increases,decreases,stays constant,doubles,1,Greater nuclear charge pulls electrons closer.,jamb-style
chemistry,Chemistry,ss1,science,Bonding,1,Bond formed by TRANSFER of electrons is:,covalent,metallic,electrovalent,hydrogen,2,Ionic (electrovalent) bonds involve electron transfer.,jamb-style
chemistry,Chemistry,ss1,science,Bonding,1,Bond formed by SHARING electrons is:,covalent,ionic,dative only,electrovalent,0,Covalent bonds share electron pairs.,jamb-style
chemistry,Chemistry,ss2,science,Bonding,2,The bond in a nitrogen molecule (N₂) is:,triple,ionic,single,double,0,N₂ has a triple covalent bond.,jamb-style
chemistry,Chemistry,ss2,science,Bonding,2,Which compound contains ionic bonds?,NaCl,CH₄,CO₂,H₂O,0,Sodium chloride is ionic (metal + non-metal).,jamb-style
chemistry,Chemistry,ss3,science,Bonding,3,A dative (coordinate) covalent bond is one where:,electrons transfer,ions form,both electrons come from one atom,electrons are shared equally,2,The shared pair is donated by one atom only.,jamb-style
chemistry,Chemistry,ss2,science,Bonding,2,The shape of the water molecule is:,bent (angular),tetrahedral,linear,trigonal planar,0,Two lone pairs bend the molecule ≈104.5°.,jamb-style
chemistry,Chemistry,ss1,science,States of Matter,1,The change from solid directly to gas is:,condensation,sublimation,evaporation,freezing,1,"Sublimation, e.g. iodine and dry ice.",jamb-style
chemistry,Chemistry,ss1,science,States of Matter,1,Diffusion is fastest in:,vacuum of space,solids,liquids,gases,3,Gas particles move freely and fast.,jamb-style
chemistry,Chemistry,ss2,science,States of Matter,2,Brownian motion demonstrates that particles:,are visible,are static,move randomly,are heavy,2,Random motion of smoke particles evidences molecular movement.,jamb-style
chemistry,Chemistry,ss2,science,Mole Concept,2,One mole of any substance contains ____ particles.,1.6 × 10⁻¹⁹,3.0 × 10⁸,6.0 × 10²³,9.8,2,Avogadro's number ≈ 6.0 × 10²³.,jamb-style
chemistry,Chemistry,ss2,science,Mole Concept,2,The mass of one mole of carbon atoms is:,1 g,6 g,12 g,44 g,2,Molar mass of carbon = 12 g/mol.,jamb-style
chemistry,Chemistry,ss3,science,Mole Concept,3,"How many moles are in 44 g of CO₂? (C=12, O=16)",4,1,0.5,2,1,"M(CO₂)=44 g/mol, so 44 g = 1 mole.",jamb-style
chemistry,Chemistry,ss3,science,Mole Concept,3,The volume occupied by 1 mole of gas at s.t.p. is about:,224 dm³,22.4 dm³,2.24 dm³,1 dm³,1,Molar volume at s.t.p. ≈ 22.4 dm³.,jamb-style
chemistry,Chemistry,ss2,science,Electrolysis,2,Electrolysis is the decomposition of an electrolyte by:,heat,electric current,catalyst,light,1,A direct current drives the decomposition.,jamb-style
chemistry,Chemistry,ss2,science,Electrolysis,2,"During electrolysis, reduction occurs at the:",electrolyte,battery,cathode,anode,2,Cations gain electrons at the cathode (reduction).,jamb-style
chemistry,Chemistry,ss3,science,Electrolysis,3,"In the electrolysis of molten NaCl, the product at the cathode is:",sodium,oxygen,hydrogen,chlorine,0,Na⁺ ions are reduced to sodium metal.,jamb-style
chemistry,Chemistry,ss3,science,Electrolysis,3,"In dilute H₂SO₄ electrolysis, the gas at the anode is:",sulphur dioxide,oxygen,hydrogen,chlorine,1,"OH⁻ is discharged, giving oxygen.",jamb-style
chemistry,Chemistry,ss1,science,Acids & Bases,1,The pH of a neutral solution at 25°C is:,7,0,1,14,0,pH 7 is neutral.,jamb-style
chemistry,Chemistry,ss1,science,Acids & Bases,1,Which is a strong acid?,citric acid,carbonic acid,hydrochloric acid,ethanoic acid,2,HCl ionises completely in water.,jamb-style
chemistry,Chemistry,ss2,science,Acids & Bases,2,The salt formed when HCl reacts with NaOH is:,NaNO₃,NaCl,NaCO₃,Na₂SO₄,1,HCl + NaOH → NaCl + H₂O.,jamb-style
chemistry,Chemistry,ss2,science,Acids & Bases,2,An alkali turns litmus paper:,pink,blue to red,red to blue,colourless,2,Alkalis turn red litmus blue.,jamb-style
chemistry,Chemistry,ss2,science,Acids & Bases,2,"The ionic product of water, Kw, at 25°C equals:",1 × 10⁷,1 × 10⁻⁷,1 × 10¹⁴,1 × 10⁻¹⁴,3,[H⁺][OH⁻] = 1 × 10⁻¹⁴ at 25 °C.,jamb-style
chemistry,Chemistry,ss3,science,Acids & Bases,3,A Lewis acid is an electron-pair:,sharer,acceptor,none,donor,1,Lewis acids accept electron pairs.,jamb-style
chemistry,Chemistry,ss2,science,Rates & Equilibrium,2,Increasing temperature increases reaction rate because particles:,grow,collide more energetically and often,shrink,disappear,1,"More frequent, more energetic collisions.",jamb-style
chemistry,Chemistry,ss2,science,Rates & Equilibrium,2,A catalyst speeds a reaction by:,lowering activation energy,raising temperature,increasing mass,changing products,0,It offers a lower-energy pathway.,jamb-style
chemistry,Chemistry,ss3,science,Rates & Equilibrium,3,"At equilibrium, the rates of forward and backward reactions are:",infinite,unequal,equal,zero,2,Dynamic equilibrium: equal rates.,jamb-style
chemistry,Chemistry,ss3,science,Rates & Equilibrium,3,Increasing pressure on a gaseous equilibrium shifts it toward the side with ____ moles of gas.,more,equal,no,fewer,3,Le Chatelier: system opposes the change.,jamb-style
chemistry,Chemistry,ss1,science,Metals,1,The most abundant metal in the earth's crust is:,aluminium,copper,iron,gold,0,Aluminium is the most abundant metal.,jamb-style
chemistry,Chemistry,ss1,science,Metals,1,Rusting of iron requires BOTH water and:,nitrogen,neon,oxygen,helium,2,Rust forms with water + oxygen.,jamb-style
chemistry,Chemistry,ss2,science,Metals,2,Which metal is liquid at room temperature?,tin,sodium,lead,mercury,3,Mercury is the liquid metal.,jamb-style
chemistry,Chemistry,ss2,science,Metals,2,Aluminium resists corrosion because it forms a tough layer of:,carbonate,sulphide,chloride,oxide,3,A thin Al₂O₃ layer protects the surface.,jamb-style
chemistry,Chemistry,ss3,science,Metals,3,"In the reactivity series, which metal is MOST reactive?",potassium,gold,silver,copper,0,Potassium sits near the top.,jamb-style
chemistry,Chemistry,ss1,science,Non-metals,1,The gas that relights a glowing splint is:,nitrogen,carbon dioxide,oxygen,hydrogen,2,Oxygen re-ignites a glowing splint.,jamb-style
chemistry,Chemistry,ss1,science,Non-metals,1,The pop sound test identifies:,ammonia,CO₂,oxygen,hydrogen,3,Hydrogen burns with a pop.,jamb-style
chemistry,Chemistry,ss2,science,Non-metals,2,Limewater turns ____ when CO₂ is bubbled through it.,milky,red,blue,yellow,0,CaCO₃ formation turns it milky.,jamb-style
chemistry,Chemistry,ss2,science,Non-metals,2,Ammonia gas turns damp red litmus:,black,colourless,green,blue,3,NH₃ is a base: blue.,jamb-style
chemistry,Chemistry,ss1,science,Organic Chemistry,1,The general formula of alkanes is:,CnHn,CnH2n+2,CnH2n,CnH2n−2,1,Alkanes: CnH2n+2.,jamb-style
chemistry,Chemistry,ss1,science,Organic Chemistry,1,The simplest alkane is:,ethene,methane,benzene,ethanol,1,"Methane, CH₄.",jamb-style
chemistry,Chemistry,ss2,science,Organic Chemistry,2,Ethanol can be produced industrially by:,fermentation,polymerisation,cracking,sublimation,0,Fermentation of glucose yields ethanol (and by hydration of ethene).,jamb-style
chemistry,Chemistry,ss2,science,Organic Chemistry,2,The functional group of ethanoic acid is:,−COOH,C=C,−OH,−CHO,0,Carboxylic acids carry −COOH.,jamb-style
chemistry,Chemistry,ss2,science,Organic Chemistry,2,Which hydrocarbon is unsaturated?,ethene,butane,propane,methane,0,Ethene has a C=C double bond.,jamb-style
chemistry,Chemistry,ss3,science,Organic Chemistry,3,Esterification is the reaction between an alcohol and a:,metal,carboxylic acid,base,salt,1,Alcohol + acid → ester + water.,jamb-style
chemistry,Chemistry,ss2,science,Gas Laws,2,"At constant temperature, gas volume is ____ proportional to pressure.",directly,exponentially,not,inversely,3,Boyle's law: P₁V₁ = P₂V₂.,jamb-style
chemistry,Chemistry,ss2,science,Gas Laws,2,Charles' law relates volume and ____ at constant pressure.,pressure,mass,density,temperature,3,V ∝ T (Kelvin).,jamb-style
chemistry,Chemistry,ss3,science,Gas Laws,3,Absolute zero on the Kelvin scale is ____ °C.,0,−100,100,−273,3,0 K = −273 °C.,jamb-style
chemistry,Chemistry,ss2,science,Water Treatment,2,Water is commonly purified for towns by:,distillation,evaporation,chlorination after filtration,electrolysis,2,"Filter, settle, then chlorinate.",jamb-style
chemistry,Chemistry,ss1,science,Air,1,The gas that makes up about 78% of air is:,oxygen,nitrogen,CO₂,argon,1,Nitrogen ≈ 78%.,jamb-style
chemistry,Chemistry,ss2,science,Air,2,"Rusting can be prevented by galvanising, which coats iron with:",tin,zinc,silver,copper,1,Galvanising uses zinc.,jamb-style
chemistry,Chemistry,ss3,science,Calculations,3,"The percentage of oxygen in H₂O (H=1, O=16) is:",11.1%,88.9%,5.6%,50%,1,16/18 × 100 ≈ 88.9%.,jamb-style
chemistry,Chemistry,ss2,science,Calculations,2,The empirical formula is the ____ ratio of atoms.,percentage,molar,simplest whole-number,ionic,2,Empirical = simplest ratio.,jamb-style
chemistry,Chemistry,ss1,science,Lab Practice,1,Which apparatus measures a fixed volume of liquid accurately?,test tube,pipette,conical flask,beaker,1,A pipette delivers a fixed volume.,jamb-style
chemistry,Chemistry,ss2,science,Lab Practice,2,A solution of known concentration used in titration is a ____ solution.,normal,buffer,saturated,standard,3,Standard solutions anchor titrations.,jamb-style
chemistry,Chemistry,ss2,science,Lab Practice,2,Washing an acid spill on skin first requires plenty of:,salt,water,oil,base,1,Dilute with running water immediately.,jamb-style
chemistry,Chemistry,ss2,science,Redox,2,Oxidation is ____ of electrons.,sharing,loss,gain,none,1,OIL RIG: Oxidation Is Loss.,jamb-style
chemistry,Chemistry,ss3,science,Redox,3,"In Zn + Cu²⁺ → Zn²⁺ + Cu, the reducing agent is:",Cu²⁺,Zn,Cu,Zn²⁺,1,"Zinc loses electrons, reducing Cu²⁺.",jamb-style
chemistry,Chemistry,ss2,science,Hard Water,2,Temporary hardness of water is caused by hydrogen carbonates and removed by:,boiling,filtering,freezing,stirring,0,Boiling decomposes the hydrogencarbonates.,jamb-style
chemistry,Chemistry,ss2,science,Energy,2,An exothermic reaction is one that ____ heat.,ignores,absorbs,releases,stores,2,Exo- releases heat to surroundings.,jamb-style
chemistry,Chemistry,ss3,science,Energy,3,The enthalpy change when one mole of a compound forms from its elements is:,heat of combustion,lattice energy,bond energy,enthalpy of formation,3,Standard enthalpy of formation.,jamb-style
chemistry,Chemistry,ss2,science,Atomic Structure,2,An atom becomes a NEGATIVE ion by ____ electrons.,losing,gaining,sharing,ignoring,1,Gaining electrons gives extra negative charge.,jamb-style
chemistry,Chemistry,ss2,science,Bonding,2,The bonding in magnesium oxide is:,hydrogen,covalent,ionic,metallic,2,Metal + non-metal transfer electrons — ionic.,jamb-style
chemistry,Chemistry,ss2,science,Mole Concept,2,Number of molecules in 0.5 mole of CO₂ is:,3.0 × 10²³,0.5,1.2 × 10²⁴,6.0 × 10²³,0,0.5 × 6.0 × 10²³ = 3.0 × 10²³.,jamb-style
chemistry,Chemistry,ss2,science,Organic Chemistry,2,The IUPAC name of C₂H₄ is:,ethane,ethyne,ethene,ethanol,2,Two carbons + double bond = ethene.,jamb-style
chemistry,Chemistry,ss3,science,Organic Chemistry,3,Saponification produces soap and:,ethanol,glycerol,benzene,glucose,1,Oil + alkali → soap + glycerol.,jamb-style
chemistry,Chemistry,ss3,science,Electrolysis,3,Electroplating an object with silver makes the object the:,battery,electrolyte,cathode,anode,2,Metal deposits on the cathode.,jamb-style
chemistry,Chemistry,ss2,science,Acids & Bases,2,The salt of a strong acid and strong base gives a solution that is:,coloured,neutral,acidic,basic,1,e.g. NaCl solution is neutral.,jamb-style
chemistry,Chemistry,ss2,science,Gas Preparation,2,Hydrogen is prepared in the lab by reacting dilute acid with:,zinc,copper,carbon,gold,0,Zinc + HCl → ZnCl₂ + H₂.,jamb-style
chemistry,Chemistry,ss3,science,Rates & Equilibrium,3,Increasing surface area of a solid reactant ____ reaction rate.,reverses,keeps,decreases,increases,3,More exposed particles collide more often.,jamb-style
chemistry,Chemistry,ss2,science,Analysis,2,The flame test for potassium gives a ____ flame.,golden,lilac,apple-green,brick-red,1,K⁺ colours the flame lilac.,jamb-style
chemistry,Chemistry,ss3,science,Analysis,3,Which cation gives a white precipitate with NaOH soluble in excess?,Ca²⁺,Fe²⁺,Cu²⁺,Al³⁺,3,Al³⁺ precipitate dissolves in excess NaOH (amphoteric).,jamb-style
chemistry,Chemistry,ss2,science,Air Pollution,2,The gas chiefly responsible for acid rain is:,oxygen,sulphur dioxide,nitrogen,argon,1,SO₂ forms acid rain with water vapour.,jamb-style
chemistry,Chemistry,ss2,science,Water,2,Permanent hardness of water is caused by sulphates and removed by:,cooling,washing soda (ion exchange),filtering,boiling,1,Chemical softening removes sulphate hardness.,jamb-style
physics,Physics,ss1,science,Measurement,1,The SI unit of length is the:,kilometre,foot,centimetre,metre,3,The metre is the SI base unit of length.,jamb-style
physics,Physics,ss1,science,Measurement,1,Which instrument measures atmospheric pressure?,barometer,hydrometer,ammeter,dynamometer,0,Barometers measure atmospheric pressure.,jamb-style
physics,Physics,ss2,science,Measurement,2,The volume of a liquid is best measured with a:,measuring cylinder,clock,ruler,spring balance,0,A measuring cylinder reads liquid volume.,jamb-style
physics,Physics,ss2,science,Measurement,2,A micrometre screw gauge reads small lengths to about:,1 mm,1 cm,0.01 mm,0.1 mm,2,It reads to 0.01 mm.,jamb-style
physics,Physics,ss1,science,Motion,1,The SI unit of speed is:,m/s,km/h,m/s²,N,0,Speed is metres per second.,jamb-style
physics,Physics,ss1,science,Motion,1,Speed in a stated direction is:,velocity,distance,acceleration,displacement only,0,Velocity is speed + direction.,jamb-style
physics,Physics,ss2,science,Motion,2,The gradient of a distance–time graph gives:,mass,speed,force,acceleration,1,Distance/time = speed.,jamb-style
physics,Physics,ss2,science,Motion,2,A body moving in a circle at constant speed has changing:,speed,mass,energy,velocity,3,"Direction changes, so velocity changes.",jamb-style
physics,Physics,ss2,science,Motion,2,Acceleration is the rate of change of:,distance,mass,velocity,force,2,a = Δv/Δt.,jamb-style
physics,Physics,ss3,science,Motion,3,A car starts from rest and reaches 20 m/s in 5 s. Its acceleration is:,4 m/s²,2 m/s²,100 m/s²,5 m/s²,0,a = (20 − 0)/5 = 4 m/s².,jamb-style
physics,Physics,ss3,science,Motion,3,Newton's first law is also called the law of:,inertia,moments,gravitation,acceleration,0,A body keeps its state of rest or uniform motion — inertia.,jamb-style
physics,Physics,ss1,science,Forces,1,The SI unit of force is the:,watt,joule,newton,pascal,2,1 N = 1 kg·m/s².,jamb-style
physics,Physics,ss2,science,Forces,2,Force = mass ×:,acceleration,time,distance,velocity,0,F = ma (Newton's second law).,jamb-style
physics,Physics,ss2,science,Forces,2,The force that opposes motion between surfaces is:,tension,upthrust,friction,gravity,2,Friction opposes relative sliding.,jamb-style
physics,Physics,ss2,science,Forces,2,A force of 10 N acts on 2 kg. Acceleration is:,12 m/s²,5 m/s²,20 m/s²,0.2 m/s²,1,a = F/m = 10/2 = 5 m/s².,jamb-style
physics,Physics,ss3,science,Forces,3,The moment of a force about a point = force × ____ distance.,diagonal,vertical,perpendicular,horizontal only,2,Moment = F × perpendicular distance.,jamb-style
physics,Physics,ss3,science,Forces,3,"For a body in equilibrium, the sum of clockwise moments equals the sum of:",velocities,masses,anticlockwise moments,forces,2,Principle of moments.,jamb-style
physics,Physics,ss1,science,Energy,1,The SI unit of energy is the:,joule,ohm,watt,newton,0,Energy is measured in joules.,jamb-style
physics,Physics,ss1,science,Energy,1,Energy of a body due to its motion is:,chemical,kinetic,potential,nuclear,1,Kinetic energy = ½mv².,jamb-style
physics,Physics,ss2,science,Energy,2,Kinetic energy of a 2 kg mass moving at 3 m/s is:,9 J,3 J,6 J,12 J,0,KE = ½ × 2 × 3² = 9 J.,jamb-style
physics,Physics,ss2,science,Energy,2,Power is the rate of doing:,torque,speed,work,force,2,P = W/t.,jamb-style
physics,Physics,ss2,science,Energy,2,The SI unit of power is the:,watt,joule,newton-second,volt,0,1 W = 1 J/s.,jamb-style
physics,Physics,ss3,science,Energy,3,A machine lifts 100 N through 2 m in 4 s. Power is:,25 W,200 W,50 W,800 W,2,P = (100×2)/4 = 50 W.,jamb-style
physics,Physics,ss2,science,Energy,2,Energy stored due to position or shape is:,kinetic,thermal,potential,sound,2,Potential energy (e.g. mgh).,jamb-style
physics,Physics,ss3,science,Energy,3,"In an ideal machine, efficiency is:",zero,more than 100%,less than 100%,exactly 100%,3,Ideal machines are 100%; real ones less.,jamb-style
physics,Physics,ss1,science,Waves,1,Sound travels fastest in:,vacuum,gases,liquids,solids,3,Particles are closest in solids.,jamb-style
physics,Physics,ss1,science,Waves,1,Sound CANNOT travel through:,a vacuum,steel,air,water,0,Sound needs a material medium.,jamb-style
physics,Physics,ss2,science,Waves,2,Light is a:,sound wave,matter wave only,longitudinal wave,transverse wave,3,Light vibrates perpendicular to travel — transverse.,jamb-style
physics,Physics,ss2,science,Waves,2,The unit of frequency is the:,hertz,second,decibel,metre,0,Frequency is cycles per second (Hz).,jamb-style
physics,Physics,ss2,science,Waves,2,"v = fλ. If f = 50 Hz and λ = 4 m, v is:",12.5 m/s,54 m/s,450 m/s,200 m/s,3,v = 50 × 4 = 200 m/s.,jamb-style
physics,Physics,ss3,science,Waves,3,Echoes are caused by the ____ of sound.,diffraction,reflection,absorption,refraction,1,Reflected sound heard separately is an echo.,jamb-style
physics,Physics,ss3,science,Waves,3,Electromagnetic radiation with the longest wavelength is:,ultraviolet,radio,gamma,x-ray,1,Radio waves are the longest.,jamb-style
physics,Physics,ss1,science,Heat,1,"Heat transfer with no medium, by radiation through ____, works even in vacuum.",conduction,radiant energy,evaporation,convection,1,Radiation needs no medium.,jamb-style
physics,Physics,ss1,science,Heat,1,Heat transfer by actual movement of fluid is:,insulation,radiation,conduction,convection,3,Convection currents carry heat.,jamb-style
physics,Physics,ss2,science,Heat,2,The unit of specific heat capacity is:,J·kg,J/kg,J/(kg·K),K/J,2,J kg⁻¹ K⁻¹.,jamb-style
physics,Physics,ss2,science,Heat,2,Metals are good conductors because of free:,neutrons,electrons,molecules,protons,1,Free electrons transfer kinetic energy quickly.,jamb-style
physics,Physics,ss3,science,Heat,3,The temperature at which Celsius and Fahrenheit scales read the same value is:,0°,40°,100°,−40°,3,−40 °C = −40 °F.,jamb-style
physics,Physics,ss1,science,Electricity,1,The SI unit of current is the:,ohm,ampere,volt,coulomb,1,Current is measured in amperes.,jamb-style
physics,Physics,ss1,science,Electricity,1,The unit of resistance is the:,farad,watt,joule,ohm,3,Resistance is in ohms (Ω).,jamb-style
physics,Physics,ss2,science,Electricity,2,Ohm's law states V =,I²R²,IR,R/I,I/R,1,Voltage = current × resistance.,jamb-style
physics,Physics,ss2,science,Electricity,2,A 12 V battery drives 3 A through a resistor. Its resistance is:,15 Ω,4 Ω,0.25 Ω,36 Ω,1,R = V/I = 12/3 = 4 Ω.,jamb-style
physics,Physics,ss2,science,Electricity,2,"In a series circuit, current is:",zero,doubled,the same everywhere,divided,2,Series current is common to all components.,jamb-style
physics,Physics,ss3,science,Electricity,3,Three 6 Ω resistors in parallel give total resistance:,18 Ω,0.5 Ω,2 Ω,6 Ω,2,1/R = 1/6+1/6+1/6 → R = 2 Ω.,jamb-style
physics,Physics,ss2,science,Electricity,2,Electrical energy in kWh is measured by a:,kilowatt-hour meter,galvanometer,voltmeter,ammeter,0,The kWh meter records energy used.,jamb-style
physics,Physics,ss3,science,Electricity,3,A fuse protects a circuit by ____ when current is excessive.,charging,amplifying,melting,insulating,2,"The fuse wire melts, breaking the circuit.",jamb-style
physics,Physics,ss1,science,Magnetism,1,Like magnetic poles:,repel,attract,neutralise,combine,0,Like poles repel; unlike attract.,jamb-style
physics,Physics,ss2,science,Magnetism,2,A magnetic field line leaves the ____ pole.,west,east,south,north,3,Field lines run from N to S outside a magnet.,jamb-style
physics,Physics,ss2,science,Magnetism,2,Soft iron is used in electromagnet cores because it:,retains magnetism,is heavy,magnetises and demagnetises easily,conducts water,2,Soft iron loses magnetism quickly when current stops.,jamb-style
physics,Physics,ss3,science,Magnetism,3,An electric motor converts electrical energy to:,mechanical energy,light,heat only,chemical energy,0,Motors turn electricity into rotation.,jamb-style
physics,Physics,ss1,science,Light,1,Light travelling from air into glass bends toward the ____. This is refraction.,surface,horizon,normal,source,2,Entering a denser medium bends light toward the normal.,jamb-style
physics,Physics,ss1,science,Light,1,The image in a plane mirror is:,real,upside down,magnified,virtual and laterally inverted,3,"Plane mirrors form virtual, laterally inverted images.",jamb-style
physics,Physics,ss2,science,Light,2,A convex lens is also called a ____ lens.,converging,cylindrical,plane,diverging,0,Convex lenses converge parallel rays.,jamb-style
physics,Physics,ss2,science,Light,2,White light is split into colours by a prism through:,absorption,reflection,diffraction,dispersion,3,Different wavelengths refract differently — dispersion.,jamb-style
physics,Physics,ss3,science,Light,3,The critical angle is linked to total ____ reflection.,external,internal,partial,diffuse,1,"Beyond the critical angle, all light reflects internally.",jamb-style
physics,Physics,ss2,science,Pressure,2,Pressure = force divided by:,area,volume,distance,time,0,"P = F/A, unit pascal.",jamb-style
physics,Physics,ss2,science,Pressure,2,A force of 200 N on 4 m² gives pressure of:,50 Pa,0.02 Pa,800 Pa,204 Pa,0,200/4 = 50 Pa.,jamb-style
physics,Physics,ss3,science,Pressure,3,Pressure in a liquid increases with:,depth,shape,breadth,colour,0,P = ρgh — depth raises pressure.,jamb-style
physics,Physics,ss2,science,Floating,2,A body floats when upthrust ____ its weight.,equals,exceeds,doubles,is less than,0,Floating: upthrust = weight (Archimedes).,jamb-style
physics,Physics,ss2,science,Machines,2,"A lever, pulley and inclined plane are examples of:",motors,machines,cells,mirrors,1,They are simple machines.,jamb-style
physics,Physics,ss3,science,Machines,3,Velocity ratio of a machine = distance moved by effort ÷ distance moved by:,time,load,force,mass,1,VR = effort distance / load distance.,jamb-style
physics,Physics,ss2,science,Radioactivity,2,The particle with the same mass as an electron but positive charge is the:,alpha particle,neutron,positron,proton,2,A positron is the electron's antiparticle.,jamb-style
physics,Physics,ss2,science,Radioactivity,2,Which radiation has the greatest penetrating power?,infrared,gamma,alpha,beta,1,Gamma rays penetrate most.,jamb-style
physics,Physics,ss3,science,Radioactivity,3,Half-life is the time for half the ____ of a radioactive sample to decay.,mass,volume,energy,nuclei,3,Half the unstable nuclei decay per half-life.,jamb-style
physics,Physics,ss2,science,Electronics,2,A diode allows current to flow in ____ direction(s).,any,neither,one,both,2,Diodes conduct one way.,jamb-style
physics,Physics,ss3,science,Electronics,3,"In a p-n junction, the n-side is rich in:",neutrons,holes,protons,electrons,3,n-type material has free electrons.,jamb-style
physics,Physics,ss2,science,Communication,2,Fibre optics carry information as ____ signals.,heat,light,chemical,sound,1,Total internal reflection guides light along fibres.,jamb-style
physics,Physics,ss2,science,Space,2,The acceleration due to gravity on earth is about:,10.8 m/s²,12 m/s²,8 m/s²,9.8 m/s²,3,g ≈ 9.8 m/s².,jamb-style
physics,Physics,ss3,science,Space,3,The weight of a 5 kg mass on earth (g = 10 m/s²) is:,500 N,5 N,0.5 N,50 N,3,W = mg = 5 × 10 = 50 N.,jamb-style
physics,Physics,ss2,science,Fluids,2,A hydraulic press multiplies force because pressure is transmitted:,lost,as heat,equally throughout the liquid,in one direction only,2,Pascal's principle.,jamb-style
physics,Physics,ss2,science,Measurement,2,A spring balance measures:,weight/force,volume,density,mass,0,It reads the force of gravity on a mass.,jamb-style
physics,Physics,ss2,science,Motion,2,Distance travelled = average speed × ____.,force,acceleration,mass,time,3,s = v × t.,jamb-style
physics,Physics,ss3,science,Motion,3,A stone dropped from rest falls about ____ m in 2 s (g = 10 m/s²).,10,20,40,5,1,s = ½gt² = ½ × 10 × 4 = 20 m.,jamb-style
physics,Physics,ss2,science,Forces,2,Weight = mass × ____.,time,acceleration due to gravity,velocity,density,1,W = mg.,jamb-style
physics,Physics,ss2,science,Energy,2,A 5 kg mass lifted 2 m gains PE of ____ J (g = 10).,10,2.5,25,100,3,PE = mgh = 5 × 10 × 2 = 100 J.,jamb-style
physics,Physics,ss2,science,Pressure,2,A hydraulic brake works because liquids transmit ____ equally.,light,heat,pressure,sound,2,Pascal's principle.,jamb-style
physics,Physics,ss2,science,Electricity,2,Three 2 Ω resistors in series give total resistance:,2/3 Ω,3 Ω,6 Ω,1.5 Ω,2,Series resistances add: 6 Ω.,jamb-style
physics,Physics,ss3,science,Electricity,3,A 60 W lamp used 10 hours consumes ____ kWh.,0.6,6,60,600,0,60 W × 10 h = 600 Wh = 0.6 kWh.,jamb-style
physics,Physics,ss2,science,Light,2,A concave mirror is also called a ____ mirror.,converging,diverging,plane,parabolic only,0,Concave mirrors converge parallel rays.,jamb-style
physics,Physics,ss2,science,Heat,2,The fixed temperature at which a pure liquid boils at standard pressure is its ____ point.,melting,boiling,critical,freezing,1,Boiling point is fixed for a pure liquid.,jamb-style
physics,Physics,ss3,science,Machines,3,A machine's efficiency = (____ ÷ work input) × 100%.,effort,friction,load,work output,3,Efficiency compares output to input work.,jamb-style
physics,Physics,ss2,science,Waves,2,The distance between two successive crests is the:,wavelength,period,amplitude,frequency,0,Crest-to-crest distance = wavelength.,jamb-style
physics,Physics,ss3,science,Radioactivity,3,An alpha particle is identical to a ____ nucleus.,lithium,helium,hydrogen,carbon,1,α = ²⁴He²⁺ — a helium nucleus.,jamb-style
economics,Economics,ss1,commercial,Basic Concepts,1,Economics is the study of how society uses ____ resources to satisfy wants.,abundant,useless,unlimited,scarce,3,Scarcity forces choice — the core economic problem.,jamb-style
economics,Economics,ss1,commercial,Basic Concepts,1,Wants are ____ while resources are ____.,unlimited; limited,scarce; scarce,limited; unlimited,equal; equal,0,Unlimited wants chase limited resources.,jamb-style
economics,Economics,ss2,commercial,Basic Concepts,2,Opportunity cost is the ____ forgone.,next best alternative,money spent,average cost,total cost,0,Choosing one option sacrifices the next best one.,jamb-style
economics,Economics,ss2,commercial,Basic Concepts,2,The scale of preference ranks wants in order of:,age,size,cost,importance,3,Most pressing wants come first.,jamb-style
economics,Economics,ss1,commercial,Production,1,The reward for land as a factor of production is:,wages,rent,profit,interest,1,Land earns rent.,jamb-style
economics,Economics,ss1,commercial,Production,1,The reward for labour is:,profit,wages,interest,rent,1,Labour earns wages/salaries.,jamb-style
economics,Economics,ss1,commercial,Production,1,The reward for capital is:,profit,rent,interest,wages,2,Capital earns interest.,jamb-style
economics,Economics,ss2,commercial,Production,2,The entrepreneur's reward is:,commission,rent,profit,interest,2,Entrepreneurs earn profit (or bear losses).,jamb-style
economics,Economics,ss2,commercial,Production,2,Production is said to be complete when goods reach the:,factory,warehouse,final consumer,wholesaler,2,Commerce completes production by delivering to consumers.,jamb-style
economics,Economics,ss1,commercial,Demand & Supply,1,"The law of demand: as price rises, quantity demanded ____ (other things equal).",is constant,falls,doubles,rises,1,Price and quantity demanded move oppositely.,jamb-style
economics,Economics,ss1,commercial,Demand & Supply,1,"The law of supply: as price rises, quantity supplied ____.",rises,falls,is constant,stops,0,Suppliers offer more at higher prices.,jamb-style
economics,Economics,ss2,commercial,Demand & Supply,2,Market equilibrium occurs where demand ____ supply.,equals,exceeds,is below,ignores,0,Equilibrium price clears the market.,jamb-style
economics,Economics,ss2,commercial,Demand & Supply,2,"If price is set BELOW equilibrium, there will be a:",balance,shortage,boom,surplus,1,Quantity demanded exceeds supplied — shortage.,jamb-style
economics,Economics,ss3,commercial,Demand & Supply,3,"Two goods used together, like tea and sugar, are:",substitutes,inferior,luxury,complements,3,Complements are consumed together.,jamb-style
economics,Economics,ss3,commercial,Demand & Supply,3,"If income rises and demand for garri falls, garri is a(n) ____ good.",complementary,inferior,luxury,normal,1,Inferior goods are dropped as income rises.,jamb-style
economics,Economics,ss2,commercial,Elasticity,2,Demand is elastic when a price change causes a ____ change in quantity demanded.,zero,delayed,proportionally larger,smaller,2,|elasticity| > 1 means quantity responds more than price.,jamb-style
economics,Economics,ss3,commercial,Elasticity,3,Demand for salt is generally:,unitary,perfectly elastic,inelastic,elastic,2,Necessities with few substitutes are price-inelastic.,jamb-style
economics,Economics,ss2,commercial,Markets,2,A market with ONE seller is a(n):,oligopoly,monopoly,perfect competition,duopoly,1,Mono- = single seller.,jamb-style
economics,Economics,ss2,commercial,Markets,2,Perfect competition requires ____ buyers and sellers.,no,few,two,many,3,"Very many small participants, none able to fix price.",jamb-style
economics,Economics,ss3,commercial,Markets,3,A few large firms dominating a market is:,monopoly,oligopoly,perfect competition,monopsony,1,Oligopoly = a few big players.,jamb-style
economics,Economics,ss1,commercial,Money,1,Which is NOT a function of money?,measure of value,direct production input,store of value,medium of exchange,1,Money is not a factor input.,jamb-style
economics,Economics,ss2,commercial,Money,2,Double coincidence of wants is a problem of ____ exchange.,money,barter,credit,banking,1,Barter requires each party to want the other's good.,jamb-style
economics,Economics,ss2,commercial,Money,2,A rise in the general price level is:,devaluation,recession,inflation,deflation,2,Inflation is a sustained rise in prices.,jamb-style
economics,Economics,ss3,commercial,Money,3,The central bank of Nigeria is responsible for:,importing goods,issuing currency and monetary policy,building roads,selling shares,1,The CBN issues currency and steers monetary policy.,jamb-style
economics,Economics,ss3,commercial,Money,3,"When the central bank raises the cash reserve ratio, money supply:",falls,is unchanged,rises,doubles,0,Banks can lend less; credit contracts.,jamb-style
economics,Economics,ss2,commercial,Public Finance,2,Taxes paid directly on income are ____ taxes.,direct,value-added,excise,indirect,0,"Direct taxes: income, company tax.",jamb-style
economics,Economics,ss2,commercial,Public Finance,2,A budget where expenditure exceeds revenue is a:,capital budget,deficit budget,balanced budget,surplus budget,1,Spending beyond revenue = deficit.,jamb-style
economics,Economics,ss3,commercial,Public Finance,3,A tax whose rate rises with income is:,proportional,flat,progressive,regressive,2,Progressive taxes take a larger share from higher incomes.,jamb-style
economics,Economics,ss1,commercial,Trade,1,Trade between countries is ____ trade.,retail,internal,wholesale,external,3,External (international) trade crosses borders.,jamb-style
economics,Economics,ss2,commercial,Trade,2,The difference between a country's exports and imports of goods is the:,budget,balance of payment,balance of trade,tariff,2,Balance of trade covers visible goods only.,jamb-style
economics,Economics,ss2,commercial,Trade,2,A tax on imported goods is a(n):,embargo,quota,tariff,subsidy,2,Tariffs are import taxes.,jamb-style
economics,Economics,ss3,commercial,Trade,3,Nigeria's major export commodity historically has been:,groundnut,cocoa,palm kernel,crude oil,3,Crude oil has dominated exports since the 1970s.,jamb-style
economics,Economics,ss3,commercial,Trade,3,Devaluation of a currency makes exports ____ and imports ____.,both cheaper,both dearer,cheaper; dearer,dearer; cheaper,2,Domestic goods cost foreigners less after devaluation.,jamb-style
economics,Economics,ss2,commercial,Population,2,The number of people per unit area of land is population:,census,growth rate,distribution,density,3,Density = population ÷ land area.,jamb-style
economics,Economics,ss2,commercial,Population,2,An official count of a country's people is a:,survey,sample,census,quota,2,A census counts everyone at a point in time.,jamb-style
economics,Economics,ss3,commercial,National Income,3,GDP is the total value of goods and services produced ____ in a year.,by government only,by citizens abroad,by companies only,within the country,3,GDP is geographically defined; GNP adds net foreign factor income.,jamb-style
economics,Economics,ss2,commercial,Agricultural Econ,2,The marketing board system in Nigeria was known for buying produce from farmers at ____ prices.,black-market,fixed,negotiated,international,1,Boards paid announced producer prices.,jamb-style
economics,Economics,ss2,commercial,Business Organisations,2,"In a sole proprietorship, liability is:",none,unlimited,shared,limited,1,The owner's personal assets can cover business debts.,jamb-style
economics,Economics,ss3,commercial,Business Organisations,3,Shares in a public limited company are traded on the:,mortgage bank,central bank,stock exchange,commodity board,2,PLCs list on the stock exchange.,jamb-style
economics,Economics,ss2,commercial,Labour,2,The mobility of labour refers to the ease with which workers:,train,move between jobs/places,earn,retire,1,Geographic and occupational mobility.,jamb-style
economics,Economics,ss2,commercial,Consumption,2,Saving is income ____ consumption.,minus,divided by,plus,times,0,S = Y − C.,jamb-style
economics,Economics,ss2,commercial,Basic Concepts,2,Economics is described as a ____ science because it studies human behaviour.,political-only,physical,social,natural,2,It deals with people in society.,jamb-style
economics,Economics,ss2,commercial,Production,2,Which is NOT a factor of production?,money only as capital good,entrepreneur,labour,land,0,Money itself is not a factor; capital goods are.,jamb-style
economics,Economics,ss3,commercial,Demand & Supply,3,A shift of the demand curve (not movement along) is caused by:,nothing,income or taste changes,weather only,price of the good itself,1,Non-price factors SHIFT the curve.,jamb-style
economics,Economics,ss2,commercial,Markets,2,The price under perfect competition is determined by:,market forces of demand and supply,government decree,one firm,trade unions,0,Demand and supply set the price.,jamb-style
economics,Economics,ss3,commercial,Money,3,The quantity theory states that doubling money supply (other things equal) ____ the price level.,fixes,halves,doubles,erases,2,MV = PT: prices move with money supply.,jamb-style
economics,Economics,ss2,commercial,Banks,2,Commercial banks create money by:,taxing,printing notes,advancing loans from deposits,importing,2,Credit creation from fractional reserves.,jamb-style
economics,Economics,ss3,commercial,Banks,3,The lender of last resort is the:,central bank,commercial bank,mortgage bank,merchant bank,0,The CBN backs banks in distress.,jamb-style
economics,Economics,ss3,commercial,Inflation,3,Cost-push inflation starts from rising ____ costs.,transport only,production,advertising,selling,1,Higher input costs push prices up.,jamb-style
economics,Economics,ss2,commercial,Trade,2,Balance of payment records ____ transactions with the world.,government only,goods only,services only,"goods, services and capital",3,It is the full external account.,jamb-style
economics,Economics,ss3,commercial,National Income,3,Per capita income is national income divided by:,population,land area,firms,workers only,0,Income per head of population.,jamb-style
economics,Economics,ss2,commercial,Agricultural Econ,2,The farm settlement scheme aimed to encourage ____ farmers.,subsistence,young mechanised,urban,foreign,1,It settled youths on mechanised farms.,jamb-style
economics,Economics,ss2,commercial,Petroleum,2,Dutch disease refers to over-dependence on ____ hurting other sectors.,banking,agriculture,oil exports,tourism,2,Oil boom crowds out other sectors.,jamb-style
economics,Economics,ss3,commercial,Taxation,3,Indirect taxes are levied on:,goods and services,land only,incomes,profits only,0,e.g. VAT and excise duties.,jamb-style
economics,Economics,ss2,commercial,Employment,2,Frictional unemployment arises when workers are ____ jobs.,losing permanently,between/searching for,creating,keeping,1,Short spells between jobs.,jamb-style
government,Government,ss1,arts,Basic Concepts,1,Government may be defined as the machinery that ____ a state.,administers,ignores,destroys,sells,0,Government administers the affairs of a state.,jamb-style
government,Government,ss1,arts,Basic Concepts,1,"The three organs of government are legislature, executive and:",police,army,civil service,judiciary,3,The judiciary interprets laws.,jamb-style
government,Government,ss2,arts,Basic Concepts,2,The organ that makes laws is the:,judiciary,executive,press,legislature,3,The legislature makes laws.,jamb-style
government,Government,ss2,arts,Basic Concepts,2,Separation of powers was most famously expounded by:,Plato,Locke only,Karl Marx,Baron de Montesquieu,3,Montesquieu's 'Spirit of the Laws'.,jamb-style
government,Government,ss2,arts,Basic Concepts,2,Checks and balances exist to ____ abuse of power.,hide,prevent,encourage,reward,1,Each organ checks the others.,jamb-style
government,Government,ss1,arts,Constitutions,1,A constitution is a body of ____ rules and principles of a state.,economic,foreign,fundamental,informal,2,It states fundamental principles.,jamb-style
government,Government,ss2,arts,Constitutions,2,A constitution that is contained in a single document is:,flexible,written,unitary,unwritten,1,e.g. Nigeria's 1999 Constitution.,jamb-style
government,Government,ss2,arts,Constitutions,2,Britain's constitution is largely:,religious,rigid,unwritten,written,2,"It rests on statutes, conventions and precedents.",jamb-style
government,Government,ss3,arts,Constitutions,3,A flexible constitution can be amended by ____ process.,the ordinary legislative,judicial,no,a special,0,Ordinary lawmaking suffices — e.g. Britain's.,jamb-style
government,Government,ss2,arts,Systems,2,"In a unitary system, power is concentrated in the ____ government.",central,local,state,regional,0,Component units derive power from the centre.,jamb-style
government,Government,ss2,arts,Systems,2,Nigeria operates a ____ system of government.,monarchical,confederal,federal,unitary,2,Power is shared between federal and state governments.,jamb-style
government,Government,ss3,arts,Systems,3,"In a confederation, component states retain ____ sovereignty.",fiscal only,military only,no,substantial,3,States keep ultimate authority; the centre is weak.,jamb-style
government,Government,ss2,arts,Principles,2,Rule of law means government by ____ and not by whim.,majority only,law,tradition,decree,1,Associated with A.V. Dicey.,jamb-style
government,Government,ss2,arts,Principles,2,Fundamental human rights in Nigeria are entrenched in Chapter ____ of the 1999 Constitution.,VI,IV,X,II,1,"Section 33–46, Chapter IV.",jamb-style
government,Government,ss3,arts,Principles,3,The principle that courts can declare executive acts void is ____ review.,legislative,judicial,executive,self,1,Judicial review checks the other arms.,jamb-style
government,Government,ss2,arts,Franchise,2,Universal adult suffrage grants ____ the right to vote.,all qualified adults,only men,landlords,graduates,0,Qualified adults vote regardless of wealth or gender.,jamb-style
government,Government,ss1,arts,Nigerian Government,1,Nigeria became a republic in:,1960,1999,1963,1979,2,1 October 1963 — she cut ties with the monarchy.,jamb-style
government,Government,ss1,arts,Nigerian Government,1,Nigeria gained independence in:,1954,1963,1960,1966,2,1 October 1960.,jamb-style
government,Government,ss2,arts,Nigerian Government,2,Nigeria operates a ____ legislature (Senate + House of Representatives).,none,bicameral,triple,unicameral,1,The National Assembly has two chambers.,jamb-style
government,Government,ss2,arts,Nigerian Government,2,The 1999 Constitution of Nigeria is the ____ in the current series.,1979,1999,1989,2007,1,The 1999 Constitution (as amended) is in force.,jamb-style
government,Government,ss3,arts,Nigerian Government,3,Amendment of Nigeria's constitution requires approval of ____ of state assemblies.,one-quarter,all,half,two-thirds,3,Two-thirds of the 36 states must ratify.,jamb-style
government,Government,ss2,arts,Nigerian Government,2,The body that conducts Nigeria's elections is:,the police,NANS,INEC,the judiciary,2,The Independent National Electoral Commission.,jamb-style
government,Government,ss2,arts,Political Parties,2,A political party is a group seeking to ____ power through elections.,gain,seize,buy,inherit,0,Parties contest elections to form government.,jamb-style
government,Government,ss3,arts,Political Parties,3,A one-party system allows:,no parties,only one legal party,two parties,many parties,1,Only one party is legally permitted.,jamb-style
government,Government,ss2,arts,Colonial Rule,2,Nigeria's amalgamation of 1914 united the ____ protectorates.,two — Northern and Southern,four,three,five,0,Lord Lugard amalgamated North and South.,jamb-style
government,Government,ss3,arts,Colonial Rule,3,Indirect rule used existing ____ to govern.,courts only,kings and chiefs,soldiers,foreigners,3,Traditional rulers administered under British supervision.,jamb-style
government,Government,ss2,arts,Colonial Rule,2,The Clifford Constitution of 1922 introduced ____ into Nigeria's legislative council.,elective principle, Sharia,federalism,independence,0,Four elected seats for Lagos and Calabar.,jamb-style
government,Government,ss2,arts,International,2,OPEC is a grouping of ____ exporting countries.,petroleum,cocoa,technical,agricultural,0,Organization of Petroleum Exporting Countries.,jamb-style
government,Government,ss2,arts,International,2,The UN's main organ responsible for maintaining peace is the ____ Council.,Trusteeship,Secretariat,Economic,Security,3,The Security Council.,jamb-style
government,Government,ss3,arts,International,3,The AU succeeded the:,ECOWAS,UN,OAU,Commonwealth,2,The African Union replaced the OAU in 2002.,jamb-style
government,Government,ss2,arts,International,2,ECOWAS was founded in 1975 to promote ____ integration in West Africa.,economic,religious,legal,military,0,Economic Community of West African States.,jamb-style
government,Government,ss2,arts,Citizenship,2,Citizenship by ____ is acquired by being born in a country to citizen parents.,registration,honour,naturalisation,birth,3,Citizenship by birth.,jamb-style
government,Government,ss3,arts,Citizenship,3,A citizen's legal process of renouncing citizenship requires a ____ declaration.,public protest,verbal,court marriage,written,3,A formal written declaration to the president.,jamb-style
government,Government,ss2,arts,Basic Concepts,2,"A state is defined by people, territory, government and:",money,army only,sovereignty,religion,2,Sovereignty completes the state.,jamb-style
government,Government,ss3,arts,Basic Concepts,3,Delegated legislation is law made by ____ under parliamentary authority.,citizens,courts,the press,ministers/bodies,3,Parent acts delegate rule-making.,jamb-style
government,Government,ss3,arts,Constitutions,3,A rigid constitution requires a ____ process to amend.,special,simple,judicial,no,0,e.g. two-thirds majorities — Nigeria's.,jamb-style
government,Government,ss2,arts,Nigerian Government,2,Nigeria's bicameral National Assembly consists of the Senate and:,House of Lords,House of Representatives,Senate only,Council of State,1,109 senators + 360 representatives.,jamb-style
government,Government,ss3,arts,Nigerian Government,3,The doctrine of state immunity protects a sitting president from:,civil/criminal prosecution while in office,elections,criticism,budgets,0,Immunity lapses after leaving office.,jamb-style
government,Government,ss2,arts,Elections,2,An election petition in Nigeria is decided by the:,police,INEC,Senate,election tribunal/courts,3,Tribunals adjudicate disputes.,jamb-style
government,Government,ss3,arts,Federalism,3,The Exclusive Legislative List contains matters for ____ government only.,all,federal,local,state,1,"Defence, currency, immigration etc.",jamb-style
government,Government,ss2,arts,Local Government,2,The main source of local government revenue is:,rates and levies,royalties,oil exports,income tax of companies,0,"Tenement rates, licences, levies.",jamb-style
government,Government,ss2,arts,Pressure Groups,2,"A pressure group seeks to ____ government policy, not to hold office.",abolish,influence,audit,occupy,1,They persuade; parties contest.,jamb-style
government,Government,ss2,arts,Ideologies,2,Capitalism is based on ____ ownership of the means of production.,state,communal,private,foreign,2,Private property and profit drive it.,jamb-style
government,Government,ss3,arts,Ideologies,3,Socialism emphasises ____ ownership and welfare.,private,church,family,collective/state,3,Collective ownership reduces inequality.,jamb-style
government,Government,ss3,arts,Pan-Africanism,3,The first Pan-African conference was held in ____ in 1900.,Accra,Nairobi,London,Lagos,2,"London 1900, organised by Sylvester Williams.",jamb-style
government,Government,ss2,arts,Civil Service,2,Civil servants are expected to be ____ in politics.,partisan,neutral,leaders,voters only,1,Neutrality ensures impartial service.,jamb-style
government,Government,ss3,arts,Human Rights,3,Habeas corpus protects against ____ detention.,short,lawful,unlawful,polite,2,The court must be shown cause for holding a person.,jamb-style
geography,Geography,ss1,arts,The Earth,1,The earth's shape is best described as a:,perfect sphere,disc,geoid (flattened sphere),cube,2,It bulges at the equator — a geoid.,jamb-style
geography,Geography,ss1,arts,The Earth,1,The imaginary line at 0° latitude is the:,tropic,axis,equator,prime meridian,2,The equator is 0° latitude.,jamb-style
geography,Geography,ss2,arts,The Earth,2,One rotation of the earth takes:,12 hours,24 hours,365 days,30 days,1,Rotation = one day; revolution = one year.,jamb-style
geography,Geography,ss2,arts,The Earth,2,The earth's revolution around the sun causes:,day and night,tides,seasons,eclipses only,2,The tilted orbit produces seasons.,jamb-style
geography,Geography,ss3,arts,The Earth,3,The Tropic of Cancer lies at ____ °N.,45,23.5,66.5,0,1,23½°N.,jamb-style
geography,Geography,ss2,arts,Rocks,2,Rocks formed from cooled magma are ____ rocks.,sedimentary,igneous,metamorphic,artificial,1,Igneous rocks solidify from molten material.,jamb-style
geography,Geography,ss2,arts,Rocks,2,Rock changed by heat and pressure is:,igneous,metamorphic,sedimentary,loose,1,Marble is metamorphic limestone.,jamb-style
geography,Geography,ss2,arts,Rocks,2,Granite is an example of ____ igneous rock.,sedimentary,intrusive,metamorphic,extrusive,1,Granite cools slowly below the surface.,jamb-style
geography,Geography,ss1,arts,Weather & Climate,1,The instrument for measuring temperature is a:,thermometer,barometer,hygrometer,anemometer,0,Thermometers read temperature.,jamb-style
geography,Geography,ss2,arts,Weather & Climate,2,Wind speed is measured with a(n):,barometer,rain gauge,anemometer,thermometer,2,Anemometers measure wind speed.,jamb-style
geography,Geography,ss2,arts,Weather & Climate,2,Rainfall is measured with a:,wind vane,hygrometer,rain gauge,barometer,2,A rain gauge collects and measures precipitation.,jamb-style
geography,Geography,ss3,arts,Weather & Climate,3,The Köppen system classifies:,soils,rivers,rocks,climates,3,Köppen classifies world climates.,jamb-style
geography,Geography,ss2,arts,Vegetation,2,Nigeria's mangrove swamp forest lies along the:,east only,middle belt,coast (south),north,2,Mangroves fringe the Niger Delta coast.,jamb-style
geography,Geography,ss2,arts,Vegetation,2,The Sahel savanna is found in Nigeria's ____ zone.,coastal,riverine,middle,far north,3,Dry savanna borders the Sahara.,jamb-style
geography,Geography,ss2,arts,Population,2,Nigeria's most populous city is:,Lagos,Ibadan,Abuja,Kano,0,Lagos is Nigeria's largest city.,jamb-style
geography,Geography,ss2,arts,Population,2,Nigeria's capital city is:,Abuja,Kaduna,Lagos,Enugu,0,Abuja became capital in 1991.,jamb-style
geography,Geography,ss2,arts,Rivers,2,The main river that drains Nigeria's Niger Delta is the:,Osun,Benue only,Hadejia,Niger,3,The Niger (with its Benue tributary).,jamb-style
geography,Geography,ss3,arts,Rivers,3,The point where a river begins is its:,mouth,delta,confluence,source,3,The source; the mouth is where it ends.,jamb-style
geography,Geography,ss2,arts,Resources,2,Nigeria's crude oil is found mainly in the ____ region.,south-south (Niger Delta),north-east,west only,middle belt,0,The Niger Delta holds the oil fields.,jamb-style
geography,Geography,ss2,arts,Resources,2,Which is a renewable resource?,natural gas,coal,solar energy,crude oil,2,Sunlight renews continuously.,jamb-style
geography,Geography,ss2,arts,Map Reading,2,"The ratio 1:50,000 on a map is a ____ scale.",representative fraction,statement,linear,area,0,An R.F. expresses scale as a ratio.,jamb-style
geography,Geography,ss3,arts,Map Reading,3,Contour lines that are very close together indicate a ____ slope.,gentle,steep,flat,concave,1,Close contours = rapid height change.,jamb-style
geography,Geography,ss2,arts,Map Reading,2,"The cardinal points are North, South, East and:",West,Left,Down,Up,0,"N, S, E, W.",jamb-style
geography,Geography,ss3,arts,Volcanoes,3,Molten rock beneath the surface is called:,magma,lava,tuff,ash,0,Magma underground; lava when erupted.,jamb-style
geography,Geography,ss3,arts,Plate Tectonics,3,Earthquakes are mainly caused by movements of:,rivers,tectonic plates,clouds,wind,1,Plates grinding past each other release energy.,jamb-style
geography,Geography,ss2,arts,Settlement,2,A settlement that is long and narrow along a road is ____ in pattern.,scattered,square,circular,linear,3,Linear settlements follow roads/rivers.,jamb-style
geography,Geography,ss2,arts,Trade,2,Nigeria's former groundnut pyramids were located around:,Enugu,Kano,Port Harcourt,Calabar,1,Kano was the groundnut hub.,jamb-style
geography,Geography,ss2,arts,Weather & Climate,2,The instrument for measuring humidity is the:,anemometer,hygrometer,barometer,thermometer,1,Hygrometers read relative humidity.,jamb-style
geography,Geography,ss2,arts,Weather & Climate,2,Wind direction is shown by a:,wind vane,cup anemometer,rain gauge,barograph,0,The vane points into the wind.,jamb-style
geography,Geography,ss2,arts,Rivers,2,"Worn-away river material is carried in solution, suspension and by:",saltation/traction,evaporation,gravity,rotation,0,Load moves in four ways.,jamb-style
geography,Geography,ss3,arts,Landforms,3,A delta forms where a river deposits sediment at its:,mouth,middle course,source,bank,0,Deposition builds the delta at the mouth.,jamb-style
geography,Geography,ss2,arts,Landforms,2,Sedimentary rocks in layers show ____ stratification.,crystal,no,layered,molten,2,Layers (strata) define sedimentary rock.,jamb-style
geography,Geography,ss2,arts,Population,2,A population census counts people by their ____ characteristics.,physical,demographic,medical,religious-only,1,"Age, sex, occupation etc.",jamb-style
geography,Geography,ss3,arts,Climate Zones,3,The harmattan wind over Nigeria is ____ and dusty.,salty,dry,cold-wet,moist,1,The dry NE trade wind from the Sahara.,jamb-style
geography,Geography,ss2,arts,Agriculture,2,Irrigation is most needed in Nigeria's ____ zone.,mangrove,coastal,northern savanna,riverine,2,Low rainfall in the north demands irrigation.,jamb-style
geography,Geography,ss2,arts,Industry,2,Cement factories locate near ____ raw materials.,fish,limestone,timber-only,cocoa,1,Limestone is cement's raw material.,jamb-style
geography,Geography,ss2,arts,Transport,2,The cheapest means of transporting crude oil over long distances is:,road tanker,aircraft,pipeline,rail,2,Pipelines move oil continuously and cheaply.,jamb-style
agricultural-science,Agricultural Science,ss1,science,Meaning & Importance,1,Agriculture is best defined as the production of ____ and rearing of animals for man's use.,toys,chemicals,machines,crops,3,Crop + animal production for use.,neco-style
agricultural-science,Agricultural Science,ss2,science,Meaning & Importance,2,Which is a food crop?,cotton,rubber,kenaf,maize,3,Maize is grown chiefly for food.,neco-style
agricultural-science,Agricultural Science,ss2,science,Meaning & Importance,2,"Agriculture supplies raw materials to ____, e.g. cotton to textile mills.",hospitals,industries,schools,churches,1,Agro-allied industries depend on farm produce.,neco-style
agricultural-science,Agricultural Science,ss2,science,Crop Classification,2,"Cassava, yam and cocoyam are classified as:",tubers,legumes,spices,cereals,0,They are root/tuber crops.,neco-style
agricultural-science,Agricultural Science,ss2,science,Crop Classification,2,"Cowpea, groundnut and soyabean are:",legumes (pulses),fibres,cereals,tubers,0,Legumes fix nitrogen and bear pods.,neco-style
agricultural-science,Agricultural Science,ss1,science,Farm Tools,1,The tool used for digging is the:,sickle,rake,shears,hoe,3,The hoe breaks and turns soil.,neco-style
agricultural-science,Agricultural Science,ss2,science,Farm Tools,2,A sickle is used mainly for:,irrigating,harvesting/cutting grasses,digging,planting,1,Its curved blade cuts stalks and grass.,neco-style
agricultural-science,Agricultural Science,ss2,science,Farm Tools,2,The secateurs is used for:,pruning,spraying,ploughing,milling,0,Secateurs prune small branches.,neco-style
agricultural-science,Agricultural Science,ss1,science,Soil,1,"The main components of soil are minerals, organic matter, water and:",air,silver,oil,gold,0,Soil holds air and water between particles.,neco-style
agricultural-science,Agricultural Science,ss2,science,Soil,2,"Soil texture refers to the proportion of sand, silt and:",salt,clay,gravel,stones,1,Texture = sand/silt/clay proportions.,neco-style
agricultural-science,Agricultural Science,ss2,science,Soil,2,Sandy soil has ____ water-holding capacity.,variable,high,perfect,low,3,Large particles drain water quickly.,neco-style
agricultural-science,Agricultural Science,ss3,science,Soil,3,Soil pH measures its acidity or:,colour,alkalinity,fertility,salinity only,1,pH below 7 acid; above 7 alkaline.,neco-style
agricultural-science,Agricultural Science,ss2,science,Propagation,2,Planting yam using whole or cut tubers is ____ propagation.,budding,sexual,grafting,vegetative,3,"Vegetative propagation uses plant parts, not seeds.",neco-style
agricultural-science,Agricultural Science,ss3,science,Propagation,3,Grafting joins a scion to a:,stock (rootstock),flower,leaf,root,0,The scion grows on the stock.,neco-style
agricultural-science,Agricultural Science,ss2,science,Propagation,2,The part of a seed that grows into the shoot is the:,testa,cotyledon,radicle,plumule,3,Plumule → shoot; radicle → root.,neco-style
agricultural-science,Agricultural Science,ss2,science,Farming Systems,2,Growing one crop alone on a piece of land is:,shifting,mixed farming,monocropping,crop rotation,2,Monocropping = single crop.,neco-style
agricultural-science,Agricultural Science,ss2,science,Farming Systems,2,Rearing animals AND growing crops on the same farm is:,fishery,mixed farming,monocropping,taungya,1,Mixed farming combines crops and livestock.,neco-style
agricultural-science,Agricultural Science,ss3,science,Farming Systems,3,Taungya farming combines crops with:,forest trees,rice,fish,poultry,0,Food crops are grown among young forest trees.,neco-style
agricultural-science,Agricultural Science,ss2,science,Pests & Diseases,2,An example of a crop pest is:,bee,grasshopper,ladybird,earthworm,1,Grasshoppers chew leaves and stems.,neco-style
agricultural-science,Agricultural Science,ss2,science,Pests & Diseases,2,Biological control uses ____ to fight pests.,natural enemies,fire,chemicals,fences,0,e.g. ladybirds against aphids.,neco-style
agricultural-science,Agricultural Science,ss3,science,Pests & Diseases,3,A pesticide used against insects is specifically an:,insecticide,fungicide,herbicide,rodenticide,0,Insecticides target insects.,neco-style
agricultural-science,Agricultural Science,ss2,science,Animals,2,A female cattle is a:,cow,ram,heifer only,bull,0,Cow = mature female cattle.,neco-style
agricultural-science,Agricultural Science,ss2,science,Animals,2,Poultry refers to:,cattle,goats,fish,domestic birds,3,"Chickens, turkeys, ducks etc.",neco-style
agricultural-science,Agricultural Science,ss3,science,Animals,3,Ruminants like cattle digest food in the:,rumen (four-chambered stomach),gizzard,caecum only,crop,0,Rumen microbes break down cellulose.,neco-style
agricultural-science,Agricultural Science,ss2,science,Animals,2,The young horse is called a:,kid,lamb,foal,calf,2,Foal = young horse.,neco-style
agricultural-science,Agricultural Science,ss2,science,Agro-Allied,2,The industry that processes cocoa beans makes:,cement,paper,textiles,chocolate/beverages,3,Cocoa → chocolate and drinks.,neco-style
agricultural-science,Agricultural Science,ss2,science,Agro-Allied,2,Leather is obtained from:,timber,hides and skins,cotton,groundnut,1,Hides/skins are tanned into leather.,neco-style
agricultural-science,Agricultural Science,ss2,science,Irrigation & Drainage,2,Irrigation is the artificial ____ of crops.,harvesting,spraying,planting,watering,3,It supplements rainfall.,neco-style
agricultural-science,Agricultural Science,ss2,science,Soil,2,Composting improves soil by adding ____ matter.,liquid,organic,inorganic,synthetic,1,Decomposed waste enriches the soil.,neco-style
agricultural-science,Agricultural Science,ss2,science,Crops,2,Which crop is a cereal?,groundnut,rice,cassava,cowpea,1,Rice is a grain (cereal).,neco-style
agricultural-science,Agricultural Science,ss2,science,Crops,2,Crop rotation helps to maintain soil ____ and break pest cycles.,temperature,colour,fertility,erosion,2,Alternating crops manages nutrients and pests.,neco-style
agricultural-science,Agricultural Science,ss2,science,Animals,2,Newcastle disease attacks:,fish,goats,cattle,poultry,3,It is a major viral disease of chickens.,neco-style
agricultural-science,Agricultural Science,ss3,science,Animals,3,The incubation period of a hen's egg is about ____ days.,21,14,30,28,0,Chicks hatch on about day 21.,neco-style
agricultural-science,Agricultural Science,ss2,science,Farm Structures,2,A brooder house is used to raise ____ chicks.,day-old,old,layer-only,sick,0,Brooders warm day-old chicks.,neco-style
agricultural-science,Agricultural Science,ss2,science,Farm Practices,2,Mulching reduces soil moisture loss and suppresses:,rain,weeds,crops,sunrise,1,Mulch covers and conserves.,neco-style
agricultural-science,Agricultural Science,ss2,science,Fisheries,2,Fish farming in controlled ponds is called:,deforestation,aquaculture,hunting,rotation,1,Aquaculture rears fish for food.,neco-style
agricultural-science,Agricultural Science,ss2,science,Storage,2,Grain is stored dry to prevent attack by:,frost,wind,mould and weevils,sunlight,2,"Dry, airtight storage stops pests and mould.",neco-style
agricultural-science,Agricultural Science,ss3,science,Agroforestry,3,Agroforestry combines trees with crops/livestock to improve:,imports,tariffs,salaries,land use and conservation,3,Trees shelter soil and add yield.,neco-style
civic-education,Civic Education,ss1,general,Values,1,Civic education teaches citizens their rights and:,parties,duties,salaries,hobbies,1,Rights pair with obligations.,neco-style
civic-education,Civic Education,ss2,general,Values,2,"Honesty, integrity and discipline are examples of ____ values.",negative,economic,positive,foreign,2,They are positive civic values.,neco-style
civic-education,Civic Education,ss2,general,Values,2,Selflessness means putting ____ interests before your own.,party,foreign,nobody's,others',3,The public good comes first.,neco-style
civic-education,Civic Education,ss1,general,Citizenship,1,A Nigerian citizen by birth is one born in Nigeria to ____ parents.,diplomat,foreign,stateless,Nigerian,3,Parentage confers citizenship by birth.,neco-style
civic-education,Civic Education,ss2,general,Citizenship,2,Rights and duties of a citizen are stated in the:,hymnal,constitution,newspaper,budget,1,The 1999 Constitution (as amended).,neco-style
civic-education,Civic Education,ss2,general,Citizenship,2,Which is a duty of a citizen?,vandalising property,evading tax,paying tax,bribing officials,2,Paying tax is a legal duty.,neco-style
civic-education,Civic Education,ss3,general,Citizenship,3,A foreigner may become Nigerian through naturalisation after fulfilling ____ conditions.,stated legal,party,no,military,0,The constitution sets conditions.,neco-style
civic-education,Civic Education,ss1,general,Democracy,1,"Democracy is government of the people, by the people and for the:",people,army,courts,senate,0,Lincoln's definition.,neco-style
civic-education,Civic Education,ss2,general,Democracy,2,"In a democracy, sovereignty belongs to the:",police,people,president,judges,1,The people are the ultimate source of power.,neco-style
civic-education,Civic Education,ss2,general,Democracy,2,Free and fair elections require a ____ ballot.,party,secret,public,open,1,Secret ballot protects the voter's choice.,neco-style
civic-education,Civic Education,ss2,general,Rule of Law,2,The rule of law means everybody is ____ before the law.,exempt,equal,above,below,1,Equality before the law.,neco-style
civic-education,Civic Education,ss3,general,Rule of Law,3,The principle of ____ guarantees an accused person a hearing in court.,fair hearing,silent trial,arbitrary detention,closed court,0,Audi alteram partem — hear the other side.,neco-style
civic-education,Civic Education,ss2,general,Human Rights,2,The right to life is a ____ right.,political-only,legal,fundamental human,property,2,It is entrenched as fundamental.,neco-style
civic-education,Civic Education,ss2,general,Human Rights,2,Freedom of expression does NOT protect:,opinion articles,hate speech,peaceful protest,criticism of policy,1,Hate speech is outside protected expression.,neco-style
civic-education,Civic Education,ss3,general,Human Rights,3,Agencies like NAPTIP protect persons against:,flooding,inflation,trafficking,tax,2,NAPTIP fights human trafficking.,neco-style
civic-education,Civic Education,ss2,general,Orderliness,2,Orderliness in society includes obeying ____ rules.,traffic and queue,foreign,secret,no,0,Queuing and traffic discipline are orderliness.,neco-style
civic-education,Civic Education,ss2,general,Traffic Rules,2,The red traffic light means:,go,reverse,slow,stop,3,Red = stop.,neco-style
civic-education,Civic Education,ss2,general,Nationalism,2,Nationalism is love and devotion to one's:,street,club,nation,party,2,It places nation first.,neco-style
civic-education,Civic Education,ss3,general,Nationalism,3,"Nnamdi Azikiwe, Obafemi Awolowo and Ahmadu Bello were Nigerian:",generals,judges,colonial governors,nationalists,3,They led the independence movement.,neco-style
civic-education,Civic Education,ss1,general,National Symbols,1,The Nigerian national flag has ____ colours.,four,three,one,two,1,"Green, white, green.",neco-style
civic-education,Civic Education,ss2,general,National Symbols,2,The green on Nigeria's flag stands for:,blood,agriculture/wealth,peace,sky,1,Green = agriculture; white = peace.,neco-style
civic-education,Civic Education,ss2,general,National Symbols,2,Nigeria's coat of arms features an eagle and:,a camel,two horses,two goats,two lions,1,Two silver horses support the shield.,neco-style
civic-education,Civic Education,ss2,general,Citizenship Responsibilities,2,Voting in elections is a ____ responsibility of citizens.,criminal,religious,civic,optional-only,2,Voting is a civic responsibility.,neco-style
civic-education,Civic Education,ss2,general,Government Obligations,2,Government protects lives and property through ____ agencies.,security,private,foreign,trading,0,Police and armed forces keep the peace.,neco-style
civic-education,Civic Education,ss2,general,Cultism,2,Cultism in institutions leads to violence and should be:,avoided/reported,hidden,joined,funded,0,Say no to cultism; report it.,neco-style
civic-education,Civic Education,ss2,general,Drug Abuse,2,Drug abuse means using drugs ____ medical direction.,with,without,after,before,1,Use outside prescription is abuse.,neco-style
civic-education,Civic Education,ss2,general,Employment,2,Child labour denies children the right to:,travel,vote,work,education,3,Children belong in school.,neco-style
civic-education,Civic Education,ss3,general,Popular Participation,3,Popular participation means citizens take active part in ____ affairs.,public/governance,business,foreign,private,0,It strengthens democracy.,neco-style
civic-education,Civic Education,ss2,general,Values,2,Justice means giving every person his/her ____.,wealth,vote,praise,due,3,Fairness renders to each their due.,neco-style
civic-education,Civic Education,ss2,general,Values,2,Contentment means being satisfied with what one has ____ lawfully.,printed,borrowed,stolen,acquired,3,It guards against greed and corruption.,neco-style
civic-education,Civic Education,ss2,general,Citizenship,2,Dual citizenship means a person is a citizen of ____ countries.,two,all,three,no,0,Nigeria allows dual citizenship by birth.,neco-style
civic-education,Civic Education,ss3,general,Democracy,3,A two-party system has ____ major parties.,no,many,two,one,2,e.g. US Democrats and Republicans.,neco-style
civic-education,Civic Education,ss2,general,Elections,2,A by-election fills a seat that becomes ____ between general elections.,vacant,created,duplicated,safe,0,Death/resignation triggers a by-election.,neco-style
civic-education,Civic Education,ss2,general,Constitution,2,The supreme law of Nigeria is the:,budget,decree,constitution,gazette,2,Any law contradicting it is void.,neco-style
civic-education,Civic Education,ss2,general,Traffic,2,Pedestrians should cross roads at the:,bend,front of cars,zebra crossing,middle,2,Crossings are the safe points.,neco-style
civic-education,Civic Education,ss3,general,National Honours,3,Nigeria's national honours reward ____ service to the nation.,meritorious,paid,private,foreign,0,"e.g. GCON, CON awards.",neco-style
civic-education,Civic Education,ss2,general,Anti-Corruption,2,The EFCC primarily investigates ____ crimes.,civil,traffic,economic and financial,cyber-only,2,Economic and Financial Crimes Commission.,neco-style
civic-education,Civic Education,ss2,general,National Symbols,2,Showing respect to the national flag during hoisting shows:,wealth,fear,weakness,patriotism,3,Respect for symbols is patriotic.,neco-style
literature-in-english,Literature-in-English,ss1,arts,Genres,1,A story with a sad ending involving a hero's fall is a:,comedy,farce,tragedy,satire,2,Tragedy ends in the protagonist's ruin.,jamb-style
literature-in-english,Literature-in-English,ss1,arts,Genres,1,A poem that tells a story is a(n) ____ poem.,lyric,narrative,elegy,ode,1,Narrative poems like ballads tell stories.,jamb-style
literature-in-english,Literature-in-English,ss2,arts,Genres,2,A play written to be read rather than staged is a ____ drama.,closet,kitchen,radio,street,0,Closet drama is for reading.,jamb-style
literature-in-english,Literature-in-English,ss2,arts,Genres,2,A humorous piece that ridicules vice is a:,ballad,tragedy,satire,epic,2,Satire mocks folly to correct it.,jamb-style
literature-in-english,Literature-in-English,ss1,arts,Figures of Speech,1,'The wind whispered' is an example of:,hyperbole,simile,personification,metaphor,2,A non-human thing acts human — personification.,jamb-style
literature-in-english,Literature-in-English,ss1,arts,Figures of Speech,1,'As brave as a lion' is a:,metaphor,oxymoron,irony,simile,3,'As ... as' marks a simile.,jamb-style
literature-in-english,Literature-in-English,ss2,arts,Figures of Speech,2,'Time is money' is a:,simile,personification,metaphor,litotes,2,It equates two things directly.,jamb-style
literature-in-english,Literature-in-English,ss2,arts,Figures of Speech,2,'I have a ton of homework' uses:,hyperbole,irony,paradox,understatement,0,Deliberate exaggeration — hyperbole.,jamb-style
literature-in-english,Literature-in-English,ss2,arts,Figures of Speech,2,Saying the opposite of what is meant is:,metaphor,irony,rhyme,simile,1,Verbal irony states the reverse.,jamb-style
literature-in-english,Literature-in-English,ss3,arts,Figures of Speech,3,'Deafening silence' is a(n):,metonymy,simile,oxymoron,synecdoche,2,Contradictory terms sit side by side.,jamb-style
literature-in-english,Literature-in-English,ss3,arts,Figures of Speech,3,Using 'the crown' to mean the monarchy is:,pun,metonymy,simile,hyperbole,1,A linked attribute stands for the whole.,jamb-style
literature-in-english,Literature-in-English,ss2,arts,Devices,2,A reference to another work or well-known event is a(n):,invasion,elusion,allusion,illusion,2,Allusion borrows from another text.,jamb-style
literature-in-english,Literature-in-English,ss2,arts,Devices,2,The repetition of initial consonant sounds is:,rhyme,rhythm,assonance,alliteration,3,'Peter Piper picked...' alliterates.,jamb-style
literature-in-english,Literature-in-English,ss2,arts,Devices,2,The repetition of vowel sounds is:,cadence,alliteration,assonance,consonance,2,Assonance repeats vowel sounds.,jamb-style
literature-in-english,Literature-in-English,ss3,arts,Devices,3,The mood of a literary work is the ____ it creates in the reader.,theme,cast,atmosphere/feeling,plot,2,Mood is the emotional atmosphere.,jamb-style
literature-in-english,Literature-in-English,ss3,arts,Devices,3,The vantage point from which a story is told is the:,setting,theme,point of view,plot,2,"First-person, third-person etc.",jamb-style
literature-in-english,Literature-in-English,ss2,arts,Drama Terms,2,The main spoken text of a play is the:,chorus,prologue only,dialogue,plot,2,Dialogue is what characters say.,jamb-style
literature-in-english,Literature-in-English,ss2,arts,Drama Terms,2,A long speech by one character alone on stage is a:,soliloquy,aside,chorus,dialogue,0,Soliloquy reveals inner thoughts.,jamb-style
literature-in-english,Literature-in-English,ss3,arts,Drama Terms,3,A brief remark heard by the audience but not other characters is an:,ode,aside,act,scene,1,Asides break the fourth wall quietly.,jamb-style
literature-in-english,Literature-in-English,ss2,arts,Poetry Terms,2,A poem of fourteen lines is a:,epic,elegy,sonnet,haiku,2,Sonnets have 14 lines.,jamb-style
literature-in-english,Literature-in-English,ss2,arts,Poetry Terms,2,A poem mourning the dead is an:,elegy,ode,lyric,epigram,0,Elegies lament loss.,jamb-style
literature-in-english,Literature-in-English,ss3,arts,Poetry Terms,3,The pattern of stressed and unstressed syllables is:,rhyme,tone,rhythm/metre,mood,2,Metre is the measured beat.,jamb-style
literature-in-english,Literature-in-English,ss2,arts,Narrative Terms,2,The sequence of events in a story is the:,theme,plot,setting,diction,1,Plot orders the events.,jamb-style
literature-in-english,Literature-in-English,ss2,arts,Narrative Terms,2,The central idea of a work is its:,rhyme,cast,plot,theme,3,Theme is the underlying message.,jamb-style
literature-in-english,Literature-in-English,ss3,arts,Narrative Terms,3,The time and place of a story form its:,climax,plot,theme,setting,3,Setting situates the narrative.,jamb-style
literature-in-english,Literature-in-English,ss3,arts,Narrative Terms,3,The turning point of a play is the:,exposition,prologue,climax,denouement,2,The climax is the peak tension.,jamb-style
literature-in-english,Literature-in-English,ss2,arts,African Prose,2,Chinua Achebe's novel about Okonkwo and colonial change is:,Things Fall Apart,The Lion and the Jewel,The Concubine,Purple Hibiscus,0,'Things Fall Apart' (1958).,jamb-style
literature-in-english,Literature-in-English,ss3,arts,African Drama,3,'The Lion and the Jewel' was written by:,Ngugi wa Thiong'o,Wole Soyinka,Chinua Achebe,Bessie Head,1,Soyinka's comedy of Lakunle and Sidi.,jamb-style
literature-in-english,Literature-in-English,ss3,arts,African Poetry,3,The first African Nobel laureate in Literature is:,Wole Soyinka,Nadine Gordimer,Naguib Mahfouz,Chinua Achebe,0,Soyinka won in 1986.,jamb-style
literature-in-english,Literature-in-English,ss3,arts,Criticism,3,A character who changes during the story is ____; one who does not is ____.,static; dynamic,dynamic; static,round; flat only,flat; round only,1,Dynamic characters develop.,jamb-style
crs,Christian Religious Studies,ss1,arts,Creation,1,"According to Genesis, God created the world in ____ days.",three,seven,six,ten,2,Six days of creation; He rested on the seventh.,jamb-style
crs,Christian Religious Studies,ss2,arts,Creation,2,God made man in His own ____ according to Genesis 1:26.,word,temple,image,garden,2,'Let us make man in our image.',jamb-style
crs,Christian Religious Studies,ss2,arts,Creation,2,The first woman was created from Adam's:,head,rib,hand,foot,1,Eve was formed from a rib.,jamb-style
crs,Christian Religious Studies,ss1,arts,Patriarchs,1,God called Abraham out of ____ to a promised land.,Ur of the Chaldees,Babylon,Nineveh,Egypt,0,Abraham left Ur by God's call.,jamb-style
crs,Christian Religious Studies,ss2,arts,Patriarchs,2,God promised Abraham descendants as numerous as the:,stars of the sky,fish of the sea,sand only,trees of the forest,0,Count the stars — so shall your seed be.,jamb-style
crs,Christian Religious Studies,ss2,arts,Patriarchs,2,Isaac was the son of Abraham and:,Hagar,Leah,Sarah,Rebekah,2,Sarah bore Isaac.,jamb-style
crs,Christian Religious Studies,ss3,arts,Patriarchs,3,Jacob's twelve sons became the twelve ____ of Israel.,kings,priests,tribes,cities,2,Each son founded a tribe.,jamb-style
crs,Christian Religious Studies,ss1,arts,Moses,1,God appeared to Moses in a burning ____ on Horeb.,bush,rock,house,tree,0,The bush burned but was not consumed.,jamb-style
crs,Christian Religious Studies,ss2,arts,Moses,2,Moses led Israel out of ____ in the Exodus.,Egypt,Babylon,Assyria,Persia,0,The Exodus freed them from Pharaoh.,jamb-style
crs,Christian Religious Studies,ss2,arts,Moses,2,The Ten Commandments were given on Mount:,Carmel,Zion,Nebo,Sinai,3,The law was given on Sinai.,jamb-style
crs,Christian Religious Studies,ss3,arts,Moses,3,Moses died on Mount ____ viewing the promised land.,Tabor,Sinai,Nebo,Hermon,2,He saw Canaan from Nebo.,jamb-style
crs,Christian Religious Studies,ss1,arts,Kings & Prophets,1,The boy who defeated Goliath with a sling was:,Jonathan,David,Samson,Saul,1,David struck Goliath with a stone.,jamb-style
crs,Christian Religious Studies,ss1,arts,Kings & Prophets,1,Israel's first king was:,David,Solomon,Saul,Samuel,2,Saul was anointed first.,jamb-style
crs,Christian Religious Studies,ss2,arts,Kings & Prophets,2,Solomon was famous chiefly for his:,armies,wisdom,strength,height,1,He asked God for wisdom.,jamb-style
crs,Christian Religious Studies,ss2,arts,Kings & Prophets,2,Daniel was thrown into the lions' den for:,praying to God,theft,lying,murder,0,He prayed despite the royal ban.,jamb-style
crs,Christian Religious Studies,ss3,arts,Kings & Prophets,3,Elijah defeated the prophets of ____ on Mount Carmel.,Molech,Dagon,Ashtoreth only,Baal,3,The Lord answered by fire.,jamb-style
crs,Christian Religious Studies,ss1,arts,New Testament,1,Jesus was born in the town of:,Jerusalem,Bethlehem,Capernaum,Nazareth,1,Born in Bethlehem's manger.,jamb-style
crs,Christian Religious Studies,ss1,arts,New Testament,1,Jesus fed five thousand with ____ loaves and two fish.,two,seven,twelve,five,3,"Five loaves, two fish.",jamb-style
crs,Christian Religious Studies,ss2,arts,New Testament,2,The disciple who betrayed Jesus was:,Peter,Judas Iscariot,John,Thomas,1,Judas betrayed Him for thirty pieces of silver.,jamb-style
crs,Christian Religious Studies,ss2,arts,New Testament,2,Jesus was crucified at:,Golgotha,Bethany,Gethsemane,Emmaus,0,"Golgotha, the place of a skull.",jamb-style
crs,Christian Religious Studies,ss2,arts,New Testament,2,The Holy Spirit descended at ____ as tongues of fire.,Epiphany,Christmas,Easter,Pentecost,3,Pentecost birthed the church.,jamb-style
crs,Christian Religious Studies,ss3,arts,New Testament,3,'The Lord is my shepherd' opens Psalm:,1,100,23,51,2,Psalm 23.,jamb-style
crs,Christian Religious Studies,ss2,arts,Parables,2,The parable of the Good Samaritan teaches:,wealth,revenge,love for all neighbours,fasting,2,Mercy crosses social boundaries.,jamb-style
crs,Christian Religious Studies,ss3,arts,Parables,3,"In the parable of the sower, the seed on good soil stands for those who hear and:",forget,keep the word,sleep,sell it,1,They bear fruit.,jamb-style
crs,Christian Religious Studies,ss2,arts,Early Church,2,Saul of Tarsus became an apostle after meeting Jesus on the road to:,Antioch,Rome,Damascus,Joppa,2,The Damascus-road conversion.,jamb-style
crs,Christian Religious Studies,ss2,arts,Morals,2,The greatest commandment is to love ____ with all your heart.,money,God,country,self,1,Love God; then neighbour as self.,jamb-style
basic-science,Basic Science,jss3,junior,Living Things,1,Which of these is a mammal?,shark,penguin,whale,crocodile,2,"Whales are warm-blooded, suckle their young.",neco-style
basic-science,Basic Science,jss3,junior,Living Things,1,Animals that eat only plants are:,scavengers,herbivores,carnivores,omnivores,1,Herbivores feed on plants.,neco-style
basic-science,Basic Science,jss3,junior,Living Things,2,The change of a tadpole into a frog is called:,germination,respiration,metamorphosis,photosynthesis,2,Metamorphosis transforms the young to adult form.,neco-style
basic-science,Basic Science,jss3,junior,Living Things,2,Which animal lays eggs?,goat,cow,hen,dog,2,Birds like the hen lay eggs.,neco-style
basic-science,Basic Science,jss3,junior,Living Things,2,The loss of green colour in leaves due to lack of light is called:,chlorosis/etiolation,osmosis,digestion,diffusion,0,"Without light, chlorophyll fades.",neco-style
basic-science,Basic Science,jss3,junior,Human Body,1,How many sense organs do humans have?,nine,seven,three,five,3,"Sight, hearing, smell, taste, touch.",neco-style
basic-science,Basic Science,jss3,junior,Human Body,1,The organ that pumps blood is the:,kidney,lung,heart,liver,2,The heart pumps blood round the body.,neco-style
basic-science,Basic Science,jss3,junior,Human Body,2,Adults have ____ teeth in a full set.,20,28,32,16,2,Thirty-two adult teeth.,neco-style
basic-science,Basic Science,jss3,junior,Human Body,2,We breathe in oxygen and breathe out:,carbon dioxide,helium,nitrogen,hydrogen,0,Respiration exchanges O₂ for CO₂.,neco-style
basic-science,Basic Science,jss3,junior,Human Body,2,The hard outer layer of the tooth is:,pulp,dentine,enamel,gum,2,Enamel is the hardest substance in the body.,neco-style
basic-science,Basic Science,jss3,junior,Matter,1,Water boiling into steam is a change of:,element,colour,mass,state,3,Liquid → gas is a change of state.,neco-style
basic-science,Basic Science,jss3,junior,Matter,2,"The three states of matter are solid, liquid and:",plasma only,gas,water,light,1,"Solid, liquid, gas.",neco-style
basic-science,Basic Science,jss3,junior,Matter,2,Melting is the change from:,gas to liquid,liquid to gas,gas to solid,solid to liquid,3,Solid melts to liquid.,neco-style
basic-science,Basic Science,jss3,junior,Energy,1,The energy of the sun is mainly:,light and heat,chemical,sound,nuclear only,0,Solar radiation gives light and heat.,neco-style
basic-science,Basic Science,jss3,junior,Energy,2,A torch light changes chemical energy into ____ energy.,sound,light,wind,heat only,1,The cell's chemicals yield light.,neco-style
basic-science,Basic Science,jss3,junior,Energy,2,Which is a renewable source of energy?,oil,coal,wind,gas,2,Wind keeps renewing.,neco-style
basic-science,Basic Science,jss3,junior,Forces,1,A push or pull on an object is a:,shape,colour,force,mass,2,Force is a push or pull.,neco-style
basic-science,Basic Science,jss3,junior,Forces,2,The force that pulls objects to the earth is:,gravity,tension,friction,magnetism,0,Gravity pulls things downward.,neco-style
basic-science,Basic Science,jss3,junior,Forces,2,A magnet attracts objects made of:,iron,wood,paper,plastic,0,Iron and steel are magnetic.,neco-style
basic-science,Basic Science,jss3,junior,Electricity,1,Electricity flows through a circuit in a ____ path.,random,broken,complete,open,2,A closed/complete circuit conducts.,neco-style
basic-science,Basic Science,jss3,junior,Electricity,2,Materials that allow electricity to pass are called:,magnets,insulators,mirrors,conductors,3,Metals are good conductors.,neco-style
basic-science,Basic Science,jss3,junior,Electricity,2,Which is an insulator?,aluminium,rubber,copper,silver,1,Rubber blocks current.,neco-style
basic-science,Basic Science,jss3,junior,Light & Sound,1,A shadow forms when light is blocked by a(n) ____ object.,opaque,smooth,invisible,transparent,0,Opaque objects block light.,neco-style
basic-science,Basic Science,jss3,junior,Light & Sound,2,Sound is produced by objects that:,vibrate,freeze,shine,melt,0,Vibration makes sound.,neco-style
basic-science,Basic Science,jss3,junior,Light & Sound,2,Light travels in a ____ line.,zig-zag,straight,curved,circular,1,Light travels in straight lines.,neco-style
basic-science,Basic Science,jss3,junior,Space,1,The centre of our solar system is the:,moon,sun,earth,milky way,1,Planets orbit the sun.,neco-style
basic-science,Basic Science,jss3,junior,Space,2,A natural satellite of the earth is the:,Mars,sun,moon,comet,2,The moon orbits earth.,neco-style
basic-science,Basic Science,jss3,junior,Space,2,The earth takes about ____ days to go round the sun.,24,7,365,30,2,One year ≈ 365¼ days.,neco-style
basic-science,Basic Science,jss3,junior,Health,1,Malaria is spread by the ____ mosquito.,Aedes male,female Anopheles,male,Culex male,1,Female Anopheles transmits malaria.,neco-style
basic-science,Basic Science,jss3,junior,Health,2,Vaccination protects the body against diseases by building:,hair,immunity,fat,muscle,1,Vaccines train the immune system.,neco-style
basic-science,Basic Science,jss3,junior,Health,2,The simplest way to prevent cholera is drinking ____ water.,sea,clean/boiled,coloured,raw,1,Safe water stops cholera.,neco-style
basic-science,Basic Science,jss3,junior,Environment,2,Planting trees helps to reduce ____ warming.,global,no,zero,local,0,Trees absorb CO₂.,neco-style
basic-science,Basic Science,jss3,junior,Environment,2,Refuse burning causes ____ pollution of the air.,water,noise,light,smoke,3,Burning releases smoke.,neco-style
basic-science,Basic Science,jss3,junior,Safety,2,Water should be purified at home by ____ before drinking when its safety is doubtful.,freezing only,boiling,colouring,shaking,1,Boiling kills germs.,neco-style
basic-science,Basic Science,jss3,junior,Safety,2,A first-aid box should contain all EXCEPT:,antiseptic,poison,plasters,bandages,1,Poison is never first-aid material.,neco-style
basic-science,Basic Science,jss3,junior,Plants,1,Green plants make their own food by:,photosynthesis,cooking,respiration,hunting,0,They use sunlight to make food.,neco-style
basic-science,Basic Science,jss3,junior,Plants,2,The parts of a plant that absorb water are the:,leaves,flowers,fruits,roots,3,Root hairs take in water.,neco-style
basic-science,Basic Science,jss3,junior,Animals,2,An animal that eats both plants and animals is a(n):,parasite,omnivore,carnivore,herbivore,1,Omnivores eat both.,neco-style
basic-science,Basic Science,jss3,junior,Human Body,1,"The five sense organs include the eye, ear, nose, tongue and:",skin,liver,heart,bone,0,The skin senses touch.,neco-style
basic-science,Basic Science,jss3,junior,Human Body,2,Digestion of food begins in the:,stomach,liver,mouth,intestine,2,Chewing + saliva start digestion.,neco-style
basic-science,Basic Science,jss3,junior,Matter,2,"When ice melts, it changes from solid to:",steam,liquid,vapour,gas,1,Ice melts into liquid water.,neco-style
basic-science,Basic Science,jss3,junior,Energy,1,The unit of energy is the:,gram,newton,joule,ampere,2,Energy is measured in joules.,neco-style
basic-science,Basic Science,jss3,junior,Electricity,2,"Water conducts electricity, so electrical gadgets must be kept ____ from it.",away,under,close,inside,0,Water + electricity is dangerous.,neco-style
basic-science,Basic Science,jss3,junior,Weather,1,"Rain, sunshine and wind are elements of:",weather,rocks,plants,soil,0,They describe daily weather.,neco-style
basic-science,Basic Science,jss3,junior,Safety,1,Broken glass on the floor should be swept up ____ to avoid injury.,carelessly,carefully,quickly,never,1,Handle sharp objects carefully.,neco-style
mathematics,Mathematics,ss2,general,Indices,1,Simplify: 2^2 × 2^3,2^5,2^-1,(4)^1,2^6,0,Same base: add indices → 2^(2+3) = 2^5.,JAMB past (adapted)
mathematics,Mathematics,ss2,general,Indices,1,Simplify: 2^3 × 2^2,(4)^1,2^5,2^6,2^1,1,Same base: add indices → 2^(3+2) = 2^5.,JAMB past (adapted)
mathematics,Mathematics,ss2,general,Indices,1,Simplify: 2^4 × 2^2,2^6,2^2,(4)^3,2^8,0,Same base: add indices → 2^(4+2) = 2^6.,JAMB past (adapted)
mathematics,Mathematics,ss2,general,Indices,1,Simplify: 3^2 × 3^3,(9)^1,3^5,3^6,3^-1,1,Same base: add indices → 3^(2+3) = 3^5.,JAMB past (adapted)
mathematics,Mathematics,ss2,general,Indices,1,Simplify: 3^3 × 3^2,3^1,3^6,3^5,(9)^1,2,Same base: add indices → 3^(3+2) = 3^5.,JAMB past (adapted)
mathematics,Mathematics,ss2,general,Indices,1,Simplify: 3^4 × 3^2,3^8,3^6,(9)^3,3^2,1,Same base: add indices → 3^(4+2) = 3^6.,JAMB past (adapted)
mathematics,Mathematics,ss2,general,Indices,1,Simplify: 5^2 × 5^3,5^6,(25)^1,5^5,5^-1,2,Same base: add indices → 5^(2+3) = 5^5.,JAMB past (adapted)
mathematics,Mathematics,ss2,general,Indices,1,Simplify: 5^3 × 5^2,5^6,5^1,(25)^1,5^5,3,Same base: add indices → 5^(3+2) = 5^5.,JAMB past (adapted)
mathematics,Mathematics,ss2,general,Indices,1,Simplify: 5^4 × 5^2,5^2,5^6,(25)^3,5^8,1,Same base: add indices → 5^(4+2) = 5^6.,JAMB past (adapted)
mathematics,Mathematics,ss2,general,Indices,2,Evaluate 10^4 ÷ 10^3,100,10,9000,10000000,1,Subtract indices: 10^(4−3) = 10^1 = 10.,JAMB past (adapted)
mathematics,Mathematics,ss2,general,Indices,2,Evaluate 3^3 ÷ 3^2,3,30,243,18,0,Subtract indices: 3^(3−2) = 3^1 = 3.,JAMB past (adapted)
mathematics,Mathematics,ss2,general,Indices,2,Evaluate 2^4 ÷ 2^2,4,64,12,40,0,Subtract indices: 2^(4−2) = 2^2 = 4.,JAMB past (adapted)
mathematics,Mathematics,ss2,general,Indices,2,Evaluate 5^3 ÷ 5^3,0,15625,10,1,3,Subtract indices: 5^(3−3) = 5^0 = 1.,JAMB past (adapted)
mathematics,Mathematics,ss2,general,Indices,2,Evaluate 10^4 ÷ 10^2,100,20,1000000,9900,0,Subtract indices: 10^(4−2) = 10^2 = 100.,JAMB past (adapted)
mathematics,Mathematics,ss2,general,Indices,2,Evaluate 3^3 ÷ 3^1,9,81,24,6,0,Subtract indices: 3^(3−1) = 3^2 = 9.,JAMB past (adapted)
mathematics,Mathematics,ss2,general,Indices,2,Evaluate 10^2 ÷ 10^2,0,1,10,10000,1,Subtract indices: 10^(2−2) = 10^0 = 1.,JAMB past (adapted)
mathematics,Mathematics,ss2,general,Indices,2,Evaluate 5^4 ÷ 5^1,15,125,620,3125,1,Subtract indices: 5^(4−1) = 5^3 = 125.,JAMB past (adapted)
mathematics,Mathematics,ss2,general,Indices,2,Evaluate 2^3 ÷ 2^3,10,1,0,64,1,Subtract indices: 2^(3−3) = 2^0 = 1.,JAMB past (adapted)
mathematics,Mathematics,ss2,general,Indices,2,Evaluate 5^2 ÷ 5^1,125,20,50,5,3,Subtract indices: 5^(2−1) = 5^1 = 5.,JAMB past (adapted)
mathematics,Mathematics,ss2,general,Indices,2,Simplify a^6 × a^3 ÷ a^3,a^2,a^3,a^9,a^6,3,a^6 × a^3 ÷ a^3 = a^(6+3−3) = a^6.,JAMB past (adapted)
mathematics,Mathematics,ss2,general,Indices,2,Simplify a^4 × a^2 ÷ a^2,a^6,a^40,a^4,a^2,2,a^4 × a^2 ÷ a^2 = a^(4+2−2) = a^4.,JAMB past (adapted)
mathematics,Mathematics,ss2,general,Indices,2,Simplify a^8 × a^4 ÷ a^4,a^4,a^2,a^8,a^12,2,a^8 × a^4 ÷ a^4 = a^(8+4−4) = a^8.,JAMB past (adapted)
mathematics,Mathematics,ss2,general,Logarithms,2,Find log_3 27,2,3,4,9,1,"3^3 = 27, so log_3 27 = 3.",JAMB past (adapted)
mathematics,Mathematics,ss2,general,Logarithms,2,Find log_2 4,20,2,1,3,1,"2^2 = 4, so log_2 4 = 2.",JAMB past (adapted)
mathematics,Mathematics,ss2,general,Logarithms,2,Find log_2 16,5,3,4,8,2,"2^4 = 16, so log_2 16 = 4.",JAMB past (adapted)
mathematics,Mathematics,ss2,general,Logarithms,2,Find log_3 81,5,27,3,4,3,"3^4 = 81, so log_3 81 = 4.",JAMB past (adapted)
mathematics,Mathematics,ss2,general,Logarithms,2,Find log_2 32,5,6,16,4,0,"2^5 = 32, so log_2 32 = 5.",JAMB past (adapted)
mathematics,Mathematics,ss2,general,Logarithms,2,Find log_10 100,1,3,2,10,2,"10^2 = 100, so log_10 100 = 2.",JAMB past (adapted)
mathematics,Mathematics,ss2,general,Logarithms,2,Find log_3 243,5,6,81,4,0,"3^5 = 243, so log_3 243 = 5.",JAMB past (adapted)
mathematics,Mathematics,ss2,general,Logarithms,2,Find log_10 10000,3,4,5,1000,1,"10^4 = 10000, so log_10 10000 = 4.",JAMB past (adapted)
mathematics,Mathematics,ss2,general,Logarithms,2,Find log_2 8,4,2,30,3,3,"2^3 = 8, so log_2 8 = 3.",JAMB past (adapted)
mathematics,Mathematics,ss2,general,Logarithms,2,Evaluate log₁₀ 10000,1000,40,4,5,2,10^4 = 10000.,JAMB past (adapted)
mathematics,Mathematics,ss2,general,Logarithms,2,Evaluate log₁₀ 100,10,3,20,2,3,10^2 = 100.,JAMB past (adapted)
mathematics,Mathematics,ss2,general,Logarithms,2,Evaluate log₁₀ 1000,30,4,3,100,2,10^3 = 1000.,JAMB past (adapted)
mathematics,Mathematics,ss2,general,Quadratic Equations,3,Find the roots of x² − 3x + 2 = 0,x = 1 or 2,x = 1 or -2,x = -1 or 2,x = 2 or 1,0,(x−1)(x−2) = 0 → x = 1 or 2.,JAMB past (adapted)
mathematics,Mathematics,ss2,general,Quadratic Equations,3,Find the roots of x² − 4x + 3 = 0,x = -1 or 3,x = 2 or 2,x = 1 or -3,x = 1 or 3,3,(x−1)(x−3) = 0 → x = 1 or 3.,JAMB past (adapted)
mathematics,Mathematics,ss2,general,Quadratic Equations,3,Find the roots of x² − 5x + 4 = 0,x = 1 or -4,x = -1 or 4,x = 1 or 4,x = 2 or 3,2,(x−1)(x−4) = 0 → x = 1 or 4.,JAMB past (adapted)
mathematics,Mathematics,ss2,general,Quadratic Equations,3,Find the roots of x² − 6x + 5 = 0,x = 1 or 5,x = -1 or 5,x = 1 or -5,x = 2 or 4,0,(x−1)(x−5) = 0 → x = 1 or 5.,JAMB past (adapted)
mathematics,Mathematics,ss2,general,Quadratic Equations,3,Find the roots of x² − 7x + 6 = 0,x = 2 or 5,x = 1 or 6,x = -1 or 6,x = 1 or -6,1,(x−1)(x−6) = 0 → x = 1 or 6.,JAMB past (adapted)
mathematics,Mathematics,ss2,general,Quadratic Equations,3,Find the roots of x² − 5x + 6 = 0,x = 2 or -3,x = -2 or 3,x = 2 or 3,x = 3 or 2,2,(x−2)(x−3) = 0 → x = 2 or 3.,JAMB past (adapted)
mathematics,Mathematics,ss2,general,Quadratic Equations,3,Find the roots of x² − 7x + 10 = 0,x = -2 or 5,x = 2 or 5,x = 2 or -5,x = 3 or 4,1,(x−2)(x−5) = 0 → x = 2 or 5.,JAMB past (adapted)
mathematics,Mathematics,ss2,general,Quadratic Equations,3,Find the roots of x² − 7x + 12 = 0,x = 4 or 3,x = -3 or 4,x = 3 or -4,x = 3 or 4,3,(x−3)(x−4) = 0 → x = 3 or 4.,JAMB past (adapted)
mathematics,Mathematics,ss2,general,Quadratic Equations,3,Find the roots of x² + 1x − 6 = 0,x = -2 or -3,x = 3 or -4,x = 2 or 3,x = 2 or -3,3,(x−2)(x−-3) = 0 → x = 2 or -3.,JAMB past (adapted)
mathematics,Mathematics,ss2,general,Quadratic Equations,3,Find the roots of x² − 1x − 6 = 0,x = 3 or -2,x = 3 or 2,x = 4 or -3,x = -3 or -2,0,(x−3)(x−-2) = 0 → x = 3 or -2.,JAMB past (adapted)
mathematics,Mathematics,ss2,general,Quadratic Equations,3,Find the roots of x² − 1x − 12 = 0,x = 5 or -4,x = 4 or -3,x = -4 or -3,x = 4 or 3,1,(x−4)(x−-3) = 0 → x = 4 or -3.,JAMB past (adapted)
mathematics,Mathematics,ss2,general,Quadratic Equations,3,Find the roots of x² − 3x − 10 = 0,x = 6 or -3,x = 5 or 2,x = -5 or -2,x = 5 or -2,3,(x−5)(x−-2) = 0 → x = 5 or -2.,JAMB past (adapted)
mathematics,Mathematics,ss2,general,Quadratic Equations,3,Find the roots of x² + 5x + 6 = 0,x = 2 or -3,x = -1 or -4,x = -2 or -3,x = -2 or 3,2,(x−-2)(x−-3) = 0 → x = -2 or -3.,JAMB past (adapted)
mathematics,Mathematics,ss2,general,Quadratic Equations,3,Find the roots of x² + 5x + 4 = 0,x = -1 or 4,x = 1 or -4,x = -1 or -4,x = 0 or -5,2,(x−-1)(x−-4) = 0 → x = -1 or -4.,JAMB past (adapted)
mathematics,Mathematics,ss2,general,Quadratic Equations,2,The sum of two numbers is 12 and their product is 35. Find the numbers,4 and 7,5 and 6,5 and 8,5 and 7,3,x² − 12x + 35 = (x−5)(x−7).,JAMB past (adapted)
mathematics,Mathematics,ss2,general,Quadratic Equations,2,The sum of two numbers is 7 and their product is 12. Find the numbers,4 and 3,4 and 4,3 and 3,4 and 2,0,x² − 7x + 12 = (x−4)(x−3).,JAMB past (adapted)
mathematics,Mathematics,ss2,general,Quadratic Equations,2,The sum of two numbers is 10 and their product is 16. Find the numbers,2 and 9,1 and 8,2 and 7,2 and 8,3,x² − 10x + 16 = (x−2)(x−8).,JAMB past (adapted)
mathematics,Mathematics,ss2,general,Quadratic Equations,2,The sum of two numbers is 11 and their product is 28. Find the numbers,4 and 8,4 and 7,3 and 7,4 and 6,1,x² − 11x + 28 = (x−4)(x−7).,JAMB past (adapted)
mathematics,Mathematics,ss2,general,Quadratic Equations,2,The sum of two numbers is 11 and their product is 24. Find the numbers,3 and 9,3 and 8,3 and 7,2 and 8,1,x² − 11x + 24 = (x−3)(x−8).,JAMB past (adapted)
mathematics,Mathematics,ss2,general,Quadratic Equations,2,The sum of two numbers is 11 and their product is 30. Find the numbers,4 and 6,5 and 7,5 and 6,5 and 5,2,x² − 11x + 30 = (x−5)(x−6).,JAMB past (adapted)
mathematics,Mathematics,ss2,general,Statistics,1,"Find the mean of [5, 10, 8, 8, 14]",8.5,9.0,11.2,10.0,1,Sum 45 ÷ 5 = 9.0.,JAMB past (adapted)
mathematics,Mathematics,ss2,general,Statistics,1,"Find the mean of [6, 4, 16, 14, 6]",8.7,10.2,11.5,9.2,3,Sum 46 ÷ 5 = 9.2.,JAMB past (adapted)
mathematics,Mathematics,ss2,general,Statistics,1,"Find the mean of [5, 9, 17, 4, 18]",13.2,10.1,11.6,10.6,3,Sum 53 ÷ 5 = 10.6.,JAMB past (adapted)
mathematics,Mathematics,ss2,general,Statistics,1,"Find the mean of [13, 8, 15, 12, 18]",16.5,12.7,14.2,13.2,3,Sum 66 ÷ 5 = 13.2.,JAMB past (adapted)
mathematics,Mathematics,ss2,general,Statistics,1,"Find the mean of [18, 2, 2, 14, 4]",8.0,9.0,10.0,7.5,0,Sum 40 ÷ 5 = 8.0.,JAMB past (adapted)
mathematics,Mathematics,ss2,general,Statistics,1,"Find the mean of [4, 4, 6, 16, 13]",9.6,8.1,8.6,10.8,2,Sum 43 ÷ 5 = 8.6.,JAMB past (adapted)
mathematics,Mathematics,ss2,general,Statistics,1,"Find the mean of [15, 11, 17, 18, 17]",16.6,15.1,19.5,15.6,3,Sum 78 ÷ 5 = 15.6.,JAMB past (adapted)
mathematics,Mathematics,ss2,general,Statistics,1,"Find the mean of [7, 2, 5, 15, 11]",10.0,7.5,9.0,8.0,3,Sum 40 ÷ 5 = 8.0.,JAMB past (adapted)
mathematics,Mathematics,ss2,general,Statistics,1,"Find the mean of [5, 10, 6, 18, 18]",11.4,14.2,10.9,12.4,0,Sum 57 ÷ 5 = 11.4.,JAMB past (adapted)
mathematics,Mathematics,ss2,general,Statistics,1,"Find the mean of [15, 17, 13, 15, 14]",18.5,15.8,14.8,14.3,2,Sum 74 ÷ 5 = 14.8.,JAMB past (adapted)
mathematics,Mathematics,ss2,general,Statistics,1,"Find the mean of [10, 9, 4, 6, 17]",11.5,10.2,9.2,8.7,2,Sum 46 ÷ 5 = 9.2.,JAMB past (adapted)
mathematics,Mathematics,ss2,general,Statistics,1,"Find the mean of [5, 14, 14, 2, 15]",10.0,11.0,12.5,9.5,0,Sum 50 ÷ 5 = 10.0.,JAMB past (adapted)
mathematics,Mathematics,ss2,general,Statistics,1,"Find the mean of [11, 11, 10, 16, 3]",10.2,9.7,12.8,11.2,0,Sum 51 ÷ 5 = 10.2.,JAMB past (adapted)
mathematics,Mathematics,ss2,general,Statistics,1,"Find the mean of [8, 11, 13, 4, 18]",11.8,13.5,10.8,10.3,2,Sum 54 ÷ 5 = 10.8.,JAMB past (adapted)
mathematics,Mathematics,ss2,general,Statistics,1,"Find the mean of [8, 16, 15, 18, 14]",17.8,15.2,13.7,14.2,3,Sum 71 ÷ 5 = 14.2.,JAMB past (adapted)
mathematics,Mathematics,ss2,general,Statistics,1,"Find the median of [25, 25, 21, 11, 11]",210,11,25,21,3,"Ordered: [11, 11, 21, 25, 25]; middle value = 21.",JAMB past (adapted)
mathematics,Mathematics,ss2,general,Statistics,1,"Find the median of [27, 17, 13, 7, 2]",17,13,2,7,1,"Ordered: [2, 7, 13, 17, 27]; middle value = 13.",JAMB past (adapted)
mathematics,Mathematics,ss2,general,Statistics,1,"Find the median of [24, 19, 12, 12, 10]",19,12,120,10,1,"Ordered: [10, 12, 12, 19, 24]; middle value = 12.",JAMB past (adapted)
mathematics,Mathematics,ss2,general,Statistics,1,"Find the median of [29, 22, 21, 15, 7]",15,22,7,21,3,"Ordered: [7, 15, 21, 22, 29]; middle value = 21.",JAMB past (adapted)
mathematics,Mathematics,ss2,general,Statistics,1,"Find the median of [26, 20, 12, 10, 7]",12,20,7,10,0,"Ordered: [7, 10, 12, 20, 26]; middle value = 12.",JAMB past (adapted)
mathematics,Mathematics,ss2,general,Statistics,1,"Find the median of [28, 26, 15, 6, 4]",6,15,26,4,1,"Ordered: [4, 6, 15, 26, 28]; middle value = 15.",JAMB past (adapted)
mathematics,Mathematics,ss2,general,Statistics,1,"Find the median of [20, 16, 12, 10, 3]",12,16,3,10,0,"Ordered: [3, 10, 12, 16, 20]; middle value = 12.",JAMB past (adapted)
mathematics,Mathematics,ss2,general,Statistics,1,"Find the median of [25, 24, 20, 7, 6]",20,24,6,7,0,"Ordered: [6, 7, 20, 24, 25]; middle value = 20.",JAMB past (adapted)
mathematics,Mathematics,ss2,general,Statistics,1,"Find the median of [26, 24, 15, 12, 5]",24,5,12,15,3,"Ordered: [5, 12, 15, 24, 26]; middle value = 15.",JAMB past (adapted)
mathematics,Mathematics,ss2,general,Statistics,1,"Find the median of [19, 17, 16, 8, 4]",8,17,16,4,2,"Ordered: [4, 8, 16, 17, 19]; middle value = 16.",JAMB past (adapted)
mathematics,Mathematics,ss2,general,Statistics,1,"Find the median of [27, 21, 10, 5, 2]",2,10,5,21,1,"Ordered: [2, 5, 10, 21, 27]; middle value = 10.",JAMB past (adapted)
mathematics,Mathematics,ss2,general,Statistics,1,"Find the median of [25, 11, 11, 6, 4]",4,11,110,6,1,"Ordered: [4, 6, 11, 11, 25]; middle value = 11.",JAMB past (adapted)
mathematics,Mathematics,ss2,general,Statistics,1,"Find the median of [16, 15, 12, 8, 4]",15,4,8,12,3,"Ordered: [4, 8, 12, 15, 16]; middle value = 12.",JAMB past (adapted)
mathematics,Mathematics,ss2,general,Statistics,1,"Find the median of [21, 19, 10, 8, 2]",10,8,2,19,0,"Ordered: [2, 8, 10, 19, 21]; middle value = 10.",JAMB past (adapted)
mathematics,Mathematics,ss2,general,Statistics,1,"Find the mode of [2, 2, 6, 16, 28]",28,2,20,6,1,2 occurs most often.,JAMB past (adapted)
mathematics,Mathematics,ss2,general,Statistics,1,"Find the mode of [5, 5, 10, 11, 22]",22,5,50,10,1,5 occurs most often.,JAMB past (adapted)
mathematics,Mathematics,ss2,general,Statistics,1,"Find the mode of [2, 2, 6, 15, 25]",20,25,2,6,2,2 occurs most often.,JAMB past (adapted)
mathematics,Mathematics,ss2,general,Statistics,1,"Find the mode of [5, 5, 6, 11, 12]",6,12,50,5,3,5 occurs most often.,JAMB past (adapted)
mathematics,Mathematics,ss2,general,Statistics,1,"Find the mode of [6, 6, 10, 11, 19]",10,6,19,60,1,6 occurs most often.,JAMB past (adapted)
mathematics,Mathematics,ss2,general,Statistics,1,"Find the mode of [10, 10, 11, 18, 27]",100,27,10,11,2,10 occurs most often.,JAMB past (adapted)
mathematics,Mathematics,ss2,general,Statistics,1,"Find the mode of [2, 5, 10, 10, 19]",19,2,10,100,2,10 occurs most often.,JAMB past (adapted)
mathematics,Mathematics,ss2,general,Statistics,1,"Find the mode of [3, 7, 7, 17, 29]",70,3,7,29,2,7 occurs most often.,JAMB past (adapted)
mathematics,Mathematics,ss2,general,Statistics,1,"Find the mode of [4, 7, 7, 13, 23]",70,7,4,23,1,7 occurs most often.,JAMB past (adapted)
mathematics,Mathematics,ss2,general,Statistics,1,"Find the mode of [7, 7, 8, 13, 17]",8,17,7,70,2,7 occurs most often.,JAMB past (adapted)
mathematics,Mathematics,ss2,general,Statistics,1,"Find the mode of [3, 6, 6, 19, 27]",60,27,6,3,2,6 occurs most often.,JAMB past (adapted)
mathematics,Mathematics,ss2,general,Statistics,1,"Find the mode of [3, 3, 4, 16, 21]",4,21,30,3,3,3 occurs most often.,JAMB past (adapted)
mathematics,Mathematics,ss2,general,Commercial Mathematics,2,Find the simple interest on ₦12000 for 3 years at 4% per annum,₦13440,₦1440,₦480,₦14400,1,SI = PRT/100 = 12000×4×3/100 = ₦1440.,JAMB past (adapted)
mathematics,Mathematics,ss2,general,Commercial Mathematics,2,Find the simple interest on ₦12000 for 3 years at 3% per annum,₦360,₦13080,₦1080,₦10800,2,SI = PRT/100 = 12000×3×3/100 = ₦1080.,JAMB past (adapted)
mathematics,Mathematics,ss2,general,Commercial Mathematics,2,Find the simple interest on ₦25000 for 3 years at 5% per annum,₦28750,₦3750,₦37500,₦1250,1,SI = PRT/100 = 25000×5×3/100 = ₦3750.,JAMB past (adapted)
mathematics,Mathematics,ss2,general,Commercial Mathematics,2,Find the simple interest on ₦15000 for 5 years at 6% per annum,₦4500,₦19500,₦45000,₦900,0,SI = PRT/100 = 15000×6×5/100 = ₦4500.,JAMB past (adapted)
mathematics,Mathematics,ss2,general,Commercial Mathematics,2,Find the simple interest on ₦15000 for 5 years at 4% per annum,₦30000,₦600,₦3000,₦18000,2,SI = PRT/100 = 15000×4×5/100 = ₦3000.,JAMB past (adapted)
mathematics,Mathematics,ss2,general,Commercial Mathematics,2,Find the simple interest on ₦10000 for 4 years at 4% per annum,₦400,₦16000,₦11600,₦1600,3,SI = PRT/100 = 10000×4×4/100 = ₦1600.,JAMB past (adapted)
mathematics,Mathematics,ss2,general,Commercial Mathematics,2,Find the simple interest on ₦20000 for 4 years at 3% per annum,₦24000,₦600,₦2400,₦22400,2,SI = PRT/100 = 20000×3×4/100 = ₦2400.,JAMB past (adapted)
mathematics,Mathematics,ss2,general,Commercial Mathematics,2,Find the simple interest on ₦15000 for 2 years at 5% per annum,₦16500,₦1500,₦750,₦15000,1,SI = PRT/100 = 15000×5×2/100 = ₦1500.,JAMB past (adapted)
mathematics,Mathematics,ss2,general,Commercial Mathematics,2,Find the simple interest on ₦5000 for 3 years at 4% per annum,₦600,₦200,₦5600,₦6000,0,SI = PRT/100 = 5000×4×3/100 = ₦600.,JAMB past (adapted)
mathematics,Mathematics,ss2,general,Commercial Mathematics,2,Find the simple interest on ₦25000 for 4 years at 3% per annum,₦750,₦3000,₦30000,₦28000,1,SI = PRT/100 = 25000×3×4/100 = ₦3000.,JAMB past (adapted)
mathematics,Mathematics,ss2,general,Commercial Mathematics,2,Find the simple interest on ₦20000 for 3 years at 4% per annum,₦2400,₦800,₦22400,₦24000,0,SI = PRT/100 = 20000×4×3/100 = ₦2400.,JAMB past (adapted)
mathematics,Mathematics,ss2,general,Commercial Mathematics,2,Find the simple interest on ₦10000 for 2 years at 10% per annum,₦12000,₦20000,₦2000,₦1000,2,SI = PRT/100 = 10000×10×2/100 = ₦2000.,JAMB past (adapted)
mathematics,Mathematics,ss2,general,Commercial Mathematics,2,Find the simple interest on ₦5000 for 5 years at 10% per annum,₦2500,₦7500,₦500,₦25000,0,SI = PRT/100 = 5000×10×5/100 = ₦2500.,JAMB past (adapted)
mathematics,Mathematics,ss2,general,Commercial Mathematics,2,Find the simple interest on ₦15000 for 2 years at 6% per annum,₦1800,₦16800,₦900,₦18000,0,SI = PRT/100 = 15000×6×2/100 = ₦1800.,JAMB past (adapted)
mathematics,Mathematics,ss2,general,Commercial Mathematics,2,Find the simple interest on ₦25000 for 5 years at 4% per annum,₦50000,₦1000,₦5000,₦30000,2,SI = PRT/100 = 25000×4×5/100 = ₦5000.,JAMB past (adapted)
mathematics,Mathematics,ss2,general,Commercial Mathematics,2,Find the simple interest on ₦20000 for 2 years at 6% per annum,₦22400,₦1200,₦2400,₦24000,2,SI = PRT/100 = 20000×6×2/100 = ₦2400.,JAMB past (adapted)
mathematics,Mathematics,ss2,general,Motion,2,A car travels at 80 km/h for 4 hours. Distance covered?,4 km,400 km,320 km,80 km,2,Distance = speed × time = 80 × 4 = 320 km.,JAMB past (adapted)
mathematics,Mathematics,ss2,general,Motion,2,A car travels at 40 km/h for 4 hours. Distance covered?,40 km,4 km,160 km,200 km,2,Distance = speed × time = 40 × 4 = 160 km.,JAMB past (adapted)
mathematics,Mathematics,ss2,general,Motion,2,A car travels at 50 km/h for 2 hours. Distance covered?,150 km,100 km,50 km,2 km,1,Distance = speed × time = 50 × 2 = 100 km.,JAMB past (adapted)
mathematics,Mathematics,ss2,general,Motion,2,A car travels at 72 km/h for 3 hours. Distance covered?,216 km,72 km,288 km,3 km,0,Distance = speed × time = 72 × 3 = 216 km.,JAMB past (adapted)
mathematics,Mathematics,ss2,general,Motion,2,A car travels at 90 km/h for 5 hours. Distance covered?,5 km,540 km,90 km,450 km,3,Distance = speed × time = 90 × 5 = 450 km.,JAMB past (adapted)
mathematics,Mathematics,ss2,general,Motion,2,A car travels at 45 km/h for 3 hours. Distance covered?,135 km,180 km,3 km,45 km,0,Distance = speed × time = 45 × 3 = 135 km.,JAMB past (adapted)
mathematics,Mathematics,ss2,general,Motion,2,A car travels at 100 km/h for 5 hours. Distance covered?,500 km,100 km,600 km,5 km,0,Distance = speed × time = 100 × 5 = 500 km.,JAMB past (adapted)
mathematics,Mathematics,ss2,general,Motion,2,A car travels at 40 km/h for 6 hours. Distance covered?,280 km,40 km,6 km,240 km,3,Distance = speed × time = 40 × 6 = 240 km.,JAMB past (adapted)
mathematics,Mathematics,ss2,general,Motion,2,A car travels at 60 km/h for 2 hours. Distance covered?,2 km,60 km,120 km,180 km,2,Distance = speed × time = 60 × 2 = 120 km.,JAMB past (adapted)
mathematics,Mathematics,ss2,general,Motion,2,A car travels at 100 km/h for 6 hours. Distance covered?,700 km,100 km,6 km,600 km,3,Distance = speed × time = 100 × 6 = 600 km.,JAMB past (adapted)
mathematics,Mathematics,ss2,general,Motion,2,A car travels at 50 km/h for 3 hours. Distance covered?,3 km,150 km,50 km,200 km,1,Distance = speed × time = 50 × 3 = 150 km.,JAMB past (adapted)
mathematics,Mathematics,ss2,general,Motion,2,A car travels at 60 km/h for 4 hours. Distance covered?,4 km,240 km,60 km,300 km,1,Distance = speed × time = 60 × 4 = 240 km.,JAMB past (adapted)
mathematics,Mathematics,ss2,general,Motion,2,A car travels at 80 km/h for 6 hours. Distance covered?,80 km,6 km,560 km,480 km,3,Distance = speed × time = 80 × 6 = 480 km.,JAMB past (adapted)
mathematics,Mathematics,ss2,general,Motion,2,A train covers 360 km in 4 hours. Its average speed?,100 km/h,40 km/h,90 km/h,360 km/h,2,Speed = 360 ÷ 4 = 90 km/h.,JAMB past (adapted)
mathematics,Mathematics,ss2,general,Motion,2,A train covers 300 km in 3 hours. Its average speed?,300 km/h,100 km/h,110 km/h,30 km/h,1,Speed = 300 ÷ 3 = 100 km/h.,JAMB past (adapted)
mathematics,Mathematics,ss2,general,Motion,2,A train covers 300 km in 2 hours. Its average speed?,20 km/h,160 km/h,300 km/h,150 km/h,3,Speed = 300 ÷ 2 = 150 km/h.,JAMB past (adapted)
mathematics,Mathematics,ss2,general,Motion,2,A train covers 240 km in 2 hours. Its average speed?,20 km/h,240 km/h,130 km/h,120 km/h,3,Speed = 240 ÷ 2 = 120 km/h.,JAMB past (adapted)
mathematics,Mathematics,ss2,general,Motion,2,A train covers 180 km in 3 hours. Its average speed?,180 km/h,70 km/h,60 km/h,30 km/h,2,Speed = 180 ÷ 3 = 60 km/h.,JAMB past (adapted)
mathematics,Mathematics,ss2,general,Motion,2,A train covers 180 km in 4 hours. Its average speed?,45 km/h,55 km/h,40 km/h,180 km/h,0,Speed = 180 ÷ 4 = 45 km/h.,JAMB past (adapted)
mathematics,Mathematics,ss2,general,Motion,2,A train covers 240 km in 3 hours. Its average speed?,30 km/h,240 km/h,90 km/h,80 km/h,3,Speed = 240 ÷ 3 = 80 km/h.,JAMB past (adapted)
mathematics,Mathematics,ss2,general,Motion,2,A train covers 300 km in 4 hours. Its average speed?,75 km/h,40 km/h,300 km/h,85 km/h,0,Speed = 300 ÷ 4 = 75 km/h.,JAMB past (adapted)
mathematics,Mathematics,ss2,general,Ratio & Proportion,2,Two friends share ₦35 in the ratio 2:5. How much does the smaller share get?,₦10,₦60,₦17,₦25,0,One part = ₦5; smaller = 2 × ₦5.,JAMB past (adapted)
mathematics,Mathematics,ss2,general,Ratio & Proportion,2,Two friends share ₦40 in the ratio 3:5. How much does the smaller share get?,₦15,₦25,₦65,₦20,0,One part = ₦5; smaller = 3 × ₦5.,JAMB past (adapted)
mathematics,Mathematics,ss2,general,Ratio & Proportion,2,Two friends share ₦72 in the ratio 5:4. How much does the smaller share get?,₦82,₦32,₦36,₦40,1,One part = ₦8; smaller = 4 × ₦8.,JAMB past (adapted)
mathematics,Mathematics,ss2,general,Ratio & Proportion,2,Two friends share ₦36 in the ratio 5:4. How much does the smaller share get?,₦16,₦66,₦18,₦20,0,One part = ₦4; smaller = 4 × ₦4.,JAMB past (adapted)
mathematics,Mathematics,ss2,general,Ratio & Proportion,2,Two friends share ₦28 in the ratio 3:4. How much does the smaller share get?,₦12,₦14,₦16,₦62,0,One part = ₦4; smaller = 3 × ₦4.,JAMB past (adapted)
mathematics,Mathematics,ss2,general,Ratio & Proportion,2,Two friends share ₦35 in the ratio 5:2. How much does the smaller share get?,₦25,₦60,₦17,₦10,3,One part = ₦5; smaller = 2 × ₦5.,JAMB past (adapted)
mathematics,Mathematics,ss2,general,Ratio & Proportion,2,Two friends share ₦35 in the ratio 4:3. How much does the smaller share get?,₦20,₦15,₦17,₦65,1,One part = ₦5; smaller = 3 × ₦5.,JAMB past (adapted)
mathematics,Mathematics,ss2,general,Ratio & Proportion,2,Two friends share ₦55 in the ratio 5:6. How much does the smaller share get?,₦75,₦30,₦27,₦25,3,One part = ₦5; smaller = 5 × ₦5.,JAMB past (adapted)
mathematics,Mathematics,ss2,general,Ratio & Proportion,2,Two friends share ₦56 in the ratio 3:4. How much does the smaller share get?,₦32,₦24,₦28,₦74,1,One part = ₦8; smaller = 3 × ₦8.,JAMB past (adapted)
mathematics,Mathematics,ss2,general,Ratio & Proportion,2,Two friends share ₦28 in the ratio 2:5. How much does the smaller share get?,₦58,₦20,₦8,₦14,2,One part = ₦4; smaller = 2 × ₦4.,JAMB past (adapted)
mathematics,Mathematics,ss2,general,Ratio & Proportion,2,Two friends share ₦36 in the ratio 4:5. How much does the smaller share get?,₦18,₦20,₦16,₦66,2,One part = ₦4; smaller = 4 × ₦4.,JAMB past (adapted)
mathematics,Mathematics,ss2,general,Sets,2,"In a class, 8 students offer only Biology, 8 only Chemistry and 5 offer both. How many offer the two subjects altogether?",210,21,13,16,1,n(B∪C) = 8 + 8 + 5 = 21.,JAMB past (adapted)
mathematics,Mathematics,ss2,general,Sets,2,"In a class, 10 students offer only Biology, 6 only Chemistry and 7 offer both. How many offer the two subjects altogether?",230,17,23,16,2,n(B∪C) = 10 + 6 + 7 = 23.,JAMB past (adapted)
mathematics,Mathematics,ss2,general,Sets,2,"In a class, 3 students offer only Biology, 8 only Chemistry and 2 offer both. How many offer the two subjects altogether?",5,130,13,11,2,n(B∪C) = 3 + 8 + 2 = 13.,JAMB past (adapted)
mathematics,Mathematics,ss2,general,Sets,2,"In a class, 9 students offer only Biology, 9 only Chemistry and 7 offer both. How many offer the two subjects altogether?",250,18,16,25,3,n(B∪C) = 9 + 9 + 7 = 25.,JAMB past (adapted)
mathematics,Mathematics,ss2,general,Sets,2,"In a class, 11 students offer only Biology, 10 only Chemistry and 2 offer both. How many offer the two subjects altogether?",230,13,23,21,2,n(B∪C) = 11 + 10 + 2 = 23.,JAMB past (adapted)
mathematics,Mathematics,ss2,general,Sets,2,"In a class, 5 students offer only Biology, 6 only Chemistry and 3 offer both. How many offer the two subjects altogether?",140,14,8,11,1,n(B∪C) = 5 + 6 + 3 = 14.,JAMB past (adapted)
mathematics,Mathematics,ss2,general,Sets,2,"In a class, 6 students offer only Biology, 8 only Chemistry and 2 offer both. How many offer the two subjects altogether?",8,160,16,14,2,n(B∪C) = 6 + 8 + 2 = 16.,JAMB past (adapted)
mathematics,Mathematics,ss2,general,Sets,2,"In a class, 8 students offer only Biology, 9 only Chemistry and 4 offer both. How many offer the two subjects altogether?",12,210,17,21,3,n(B∪C) = 8 + 9 + 4 = 21.,JAMB past (adapted)
mathematics,Mathematics,ss2,general,Sets,2,"In a class, 6 students offer only Biology, 11 only Chemistry and 8 offer both. How many offer the two subjects altogether?",14,250,25,17,2,n(B∪C) = 6 + 11 + 8 = 25.,JAMB past (adapted)
mathematics,Mathematics,ss2,general,Sets,2,"In a class, 8 students offer only Biology, 10 only Chemistry and 4 offer both. How many offer the two subjects altogether?",18,22,12,220,1,n(B∪C) = 8 + 10 + 4 = 22.,JAMB past (adapted)
mathematics,Mathematics,ss2,general,Geometry,2,Two angles of a triangle are 46° and 63°. Find the third angle,134°,109°,71°,81°,2,Angles sum to 180°: 180 − 46 − 63 = 71°.,JAMB past (adapted)
mathematics,Mathematics,ss2,general,Geometry,2,Two angles of a triangle are 40° and 38°. Find the third angle,112°,78°,102°,140°,2,Angles sum to 180°: 180 − 40 − 38 = 102°.,JAMB past (adapted)
mathematics,Mathematics,ss2,general,Geometry,2,Two angles of a triangle are 48° and 58°. Find the third angle,132°,84°,74°,106°,2,Angles sum to 180°: 180 − 48 − 58 = 74°.,JAMB past (adapted)
mathematics,Mathematics,ss2,general,Geometry,2,Two angles of a triangle are 60° and 48°. Find the third angle,108°,82°,120°,72°,3,Angles sum to 180°: 180 − 60 − 48 = 72°.,JAMB past (adapted)
mathematics,Mathematics,ss2,general,Geometry,2,Two angles of a triangle are 57° and 65°. Find the third angle,68°,123°,58°,122°,2,Angles sum to 180°: 180 − 57 − 65 = 58°.,JAMB past (adapted)
mathematics,Mathematics,ss2,general,Geometry,2,Two angles of a triangle are 68° and 42°. Find the third angle,80°,70°,110°,112°,1,Angles sum to 180°: 180 − 68 − 42 = 70°.,JAMB past (adapted)
mathematics,Mathematics,ss2,general,Geometry,2,Two angles of a triangle are 55° and 40°. Find the third angle,95°,85°,85°0,125°,1,Angles sum to 180°: 180 − 55 − 40 = 85°.,JAMB past (adapted)
mathematics,Mathematics,ss2,general,Geometry,2,Two angles of a triangle are 50° and 72°. Find the third angle,68°,130°,122°,58°,3,Angles sum to 180°: 180 − 50 − 72 = 58°.,JAMB past (adapted)
mathematics,Mathematics,ss2,general,Geometry,2,Two angles of a triangle are 61° and 36°. Find the third angle,119°,83°,93°,97°,1,Angles sum to 180°: 180 − 61 − 36 = 83°.,JAMB past (adapted)
mathematics,Mathematics,ss2,general,Geometry,2,Two angles of a triangle are 68° and 61°. Find the third angle,112°,129°,51°,61°,2,Angles sum to 180°: 180 − 68 − 61 = 51°.,JAMB past (adapted)
mathematics,Mathematics,ss2,general,Geometry,2,Two angles of a triangle are 76° and 32°. Find the third angle,82°,104°,108°,72°,3,Angles sum to 180°: 180 − 76 − 32 = 72°.,JAMB past (adapted)
mathematics,Mathematics,ss2,general,Geometry,2,Two angles of a triangle are 49° and 73°. Find the third angle,68°,58°,122°,131°,1,Angles sum to 180°: 180 − 49 − 73 = 58°.,JAMB past (adapted)
mathematics,Mathematics,ss2,general,Geometry,2,Two angles of a triangle are 63° and 68°. Find the third angle,117°,131°,49°,59°,2,Angles sum to 180°: 180 − 63 − 68 = 49°.,JAMB past (adapted)
mathematics,Mathematics,ss2,general,Geometry,2,Two angles of a triangle are 54° and 36°. Find the third angle,90°,100°,90°0,126°,0,Angles sum to 180°: 180 − 54 − 36 = 90°.,JAMB past (adapted)
mathematics,Mathematics,ss2,general,Geometry,2,Two angles of a triangle are 36° and 37°. Find the third angle,117°,73°,144°,107°,3,Angles sum to 180°: 180 − 36 − 37 = 107°.,JAMB past (adapted)
mathematics,Mathematics,ss2,general,Geometry,2,Two angles of a triangle are 58° and 49°. Find the third angle,73°,107°,83°,122°,0,Angles sum to 180°: 180 − 58 − 49 = 73°.,JAMB past (adapted)
mathematics,Mathematics,ss2,general,Pythagoras,2,A right-angled triangle has legs 3 cm and 4 cm. Find the hypotenuse,7 cm,5 cm0,5 cm,1 cm,2,3² + 4² = 9 + 16 = 25 → √25 = 5.,JAMB past (adapted)
mathematics,Mathematics,ss2,general,Pythagoras,2,A right-angled triangle has legs 5 cm and 12 cm. Find the hypotenuse,7 cm,17 cm,13 cm,15 cm,2,5² + 12² = 25 + 144 = 169 → √169 = 13.,JAMB past (adapted)
mathematics,Mathematics,ss2,general,Pythagoras,2,A right-angled triangle has legs 8 cm and 15 cm. Find the hypotenuse,7 cm,19 cm,23 cm,17 cm,3,8² + 15² = 64 + 225 = 289 → √289 = 17.,JAMB past (adapted)
mathematics,Mathematics,ss2,general,Pythagoras,2,A right-angled triangle has legs 7 cm and 24 cm. Find the hypotenuse,27 cm,25 cm,31 cm,17 cm,1,7² + 24² = 49 + 576 = 625 → √625 = 25.,JAMB past (adapted)
mathematics,Mathematics,ss2,general,Pythagoras,2,A right-angled triangle has legs 9 cm and 12 cm. Find the hypotenuse,21 cm,17 cm,15 cm,3 cm,2,9² + 12² = 81 + 144 = 225 → √225 = 15.,JAMB past (adapted)
mathematics,Mathematics,ss2,general,Pythagoras,2,A right-angled triangle has legs 6 cm and 8 cm. Find the hypotenuse,10 cm,2 cm,12 cm,14 cm,0,6² + 8² = 36 + 64 = 100 → √100 = 10.,JAMB past (adapted)
mathematics,Mathematics,ss2,general,Pythagoras,2,A right-angled triangle has legs 20 cm and 21 cm. Find the hypotenuse,1 cm,31 cm,29 cm,41 cm,2,20² + 21² = 400 + 441 = 841 → √841 = 29.,JAMB past (adapted)
mathematics,Mathematics,ss2,general,Pythagoras,2,A right-angled triangle has legs 12 cm and 16 cm. Find the hypotenuse,28 cm,20 cm,4 cm,22 cm,1,12² + 16² = 144 + 256 = 400 → √400 = 20.,JAMB past (adapted)
mathematics,Mathematics,ss2,general,Pythagoras,3,The hypotenuse of a right triangle is 5 cm and one leg is 3 cm. Find the other leg,2 cm,5 cm,4 cm,3 cm,2,5² − 3² = 25 − 9 = 16 → 4 cm.,JAMB past (adapted)
mathematics,Mathematics,ss2,general,Pythagoras,3,The hypotenuse of a right triangle is 13 cm and one leg is 5 cm. Find the other leg,12 cm,5 cm,13 cm,8 cm,0,13² − 5² = 169 − 25 = 144 → 12 cm.,JAMB past (adapted)
mathematics,Mathematics,ss2,general,Pythagoras,3,The hypotenuse of a right triangle is 17 cm and one leg is 8 cm. Find the other leg,8 cm,15 cm,17 cm,9 cm,1,17² − 8² = 289 − 64 = 225 → 15 cm.,JAMB past (adapted)
mathematics,Mathematics,ss2,general,Pythagoras,3,The hypotenuse of a right triangle is 25 cm and one leg is 7 cm. Find the other leg,18 cm,25 cm,7 cm,24 cm,3,25² − 7² = 625 − 49 = 576 → 24 cm.,JAMB past (adapted)
mathematics,Mathematics,ss2,general,Pythagoras,3,The hypotenuse of a right triangle is 15 cm and one leg is 9 cm. Find the other leg,6 cm,9 cm,12 cm,15 cm,2,15² − 9² = 225 − 81 = 144 → 12 cm.,JAMB past (adapted)
mathematics,Mathematics,ss2,general,Mensuration,1,Find the area of a rectangle 12 cm by 8 cm,96 cm²,98 cm²,20 cm²,40 cm²,0,Area = 12 × 8 = 96 cm².,JAMB past (adapted)
mathematics,Mathematics,ss2,general,Mensuration,1,Find the area of a rectangle 16 cm by 14 cm,60 cm²,224 cm²,226 cm²,30 cm²,1,Area = 16 × 14 = 224 cm².,JAMB past (adapted)
mathematics,Mathematics,ss2,general,Mensuration,1,Find the area of a rectangle 7 cm by 5 cm,12 cm²,35 cm²,24 cm²,37 cm²,1,Area = 7 × 5 = 35 cm².,JAMB past (adapted)
mathematics,Mathematics,ss2,general,Mensuration,1,Find the area of a rectangle 20 cm by 18 cm,360 cm²,38 cm²,76 cm²,362 cm²,0,Area = 20 × 18 = 360 cm².,JAMB past (adapted)
mathematics,Mathematics,ss2,general,Mensuration,1,Find the area of a rectangle 22 cm by 12 cm,68 cm²,266 cm²,34 cm²,264 cm²,3,Area = 22 × 12 = 264 cm².,JAMB past (adapted)
mathematics,Mathematics,ss2,general,Mensuration,1,Find the area of a rectangle 17 cm by 9 cm,26 cm²,155 cm²,153 cm²,52 cm²,2,Area = 17 × 9 = 153 cm².,JAMB past (adapted)
mathematics,Mathematics,ss2,general,Mensuration,1,Find the area of a rectangle 19 cm by 12 cm,31 cm²,228 cm²,62 cm²,230 cm²,1,Area = 19 × 12 = 228 cm².,JAMB past (adapted)
mathematics,Mathematics,ss2,general,Mensuration,1,Find the area of a rectangle 16 cm by 12 cm,192 cm²,194 cm²,28 cm²,56 cm²,0,Area = 16 × 12 = 192 cm².,JAMB past (adapted)
mathematics,Mathematics,ss2,general,Mensuration,1,Find the area of a rectangle 22 cm by 5 cm,112 cm²,110 cm²,54 cm²,27 cm²,1,Area = 22 × 5 = 110 cm².,JAMB past (adapted)
mathematics,Mathematics,ss2,general,Mensuration,1,Find the area of a rectangle 16 cm by 4 cm,20 cm²,66 cm²,64 cm²,40 cm²,2,Area = 16 × 4 = 64 cm².,JAMB past (adapted)
mathematics,Mathematics,ss2,general,Mensuration,1,Find the area of a rectangle 16 cm by 10 cm,160 cm²,26 cm²,52 cm²,162 cm²,0,Area = 16 × 10 = 160 cm².,JAMB past (adapted)
mathematics,Mathematics,ss2,general,Mensuration,1,Find the perimeter of a rectangle 20 cm by 8 cm,28 cm,160 cm,58 cm,56 cm,3,P = 2(20 + 8) = 56 cm.,JAMB past (adapted)
mathematics,Mathematics,ss2,general,Mensuration,1,Find the perimeter of a rectangle 11 cm by 17 cm,56 cm,187 cm,28 cm,58 cm,0,P = 2(11 + 17) = 56 cm.,JAMB past (adapted)
mathematics,Mathematics,ss2,general,Mensuration,1,Find the perimeter of a rectangle 15 cm by 13 cm,58 cm,28 cm,195 cm,56 cm,3,P = 2(15 + 13) = 56 cm.,JAMB past (adapted)
mathematics,Mathematics,ss2,general,Mensuration,1,Find the perimeter of a rectangle 20 cm by 14 cm,34 cm,70 cm,68 cm,280 cm,2,P = 2(20 + 14) = 68 cm.,JAMB past (adapted)
mathematics,Mathematics,ss2,general,Mensuration,1,Find the perimeter of a rectangle 22 cm by 23 cm,45 cm,506 cm,90 cm,92 cm,2,P = 2(22 + 23) = 90 cm.,JAMB past (adapted)
mathematics,Mathematics,ss2,general,Mensuration,1,Find the perimeter of a rectangle 9 cm by 16 cm,25 cm,52 cm,144 cm,50 cm,3,P = 2(9 + 16) = 50 cm.,JAMB past (adapted)
mathematics,Mathematics,ss2,general,Mensuration,1,Find the perimeter of a rectangle 10 cm by 15 cm,52 cm,25 cm,50 cm,150 cm,2,P = 2(10 + 15) = 50 cm.,JAMB past (adapted)
mathematics,Mathematics,ss2,general,Mensuration,1,Find the perimeter of a rectangle 21 cm by 4 cm,52 cm,25 cm,84 cm,50 cm,3,P = 2(21 + 4) = 50 cm.,JAMB past (adapted)
mathematics,Mathematics,ss2,general,Mensuration,1,Find the perimeter of a rectangle 11 cm by 18 cm,29 cm,60 cm,198 cm,58 cm,3,P = 2(11 + 18) = 58 cm.,JAMB past (adapted)
mathematics,Mathematics,ss2,general,Mensuration,1,Find the perimeter of a rectangle 13 cm by 4 cm,34 cm,52 cm,36 cm,17 cm,0,P = 2(13 + 4) = 34 cm.,JAMB past (adapted)
mathematics,Mathematics,ss2,general,Mensuration,1,Find the perimeter of a rectangle 19 cm by 16 cm,35 cm,304 cm,72 cm,70 cm,3,P = 2(19 + 16) = 70 cm.,JAMB past (adapted)
mathematics,Mathematics,ss2,general,Fractions,1,What is 3/5 of 35?,14,26,7,21,3,3/5 × 35 = 21.,JAMB past (adapted)
mathematics,Mathematics,ss2,general,Fractions,1,What is 1/3 of 12?,7,4,8,40,1,1/3 × 12 = 4.,JAMB past (adapted)
mathematics,Mathematics,ss2,general,Fractions,1,What is 1/3 of 24?,8,16,80,11,0,1/3 × 24 = 8.,JAMB past (adapted)
mathematics,Mathematics,ss2,general,Fractions,1,What is 4/6 of 12?,8,2,4,14,0,4/6 × 12 = 8.,JAMB past (adapted)
mathematics,Mathematics,ss2,general,Fractions,1,What is 1/3 of 15?,50,8,5,10,2,1/3 × 15 = 5.,JAMB past (adapted)
mathematics,Mathematics,ss2,general,Fractions,1,What is 1/3 of 33?,11,22,14,110,0,1/3 × 33 = 11.,JAMB past (adapted)
mathematics,Mathematics,ss2,general,Fractions,1,What is 6/8 of 80?,68,20,10,60,3,6/8 × 80 = 60.,JAMB past (adapted)
mathematics,Mathematics,ss2,general,Fractions,1,What is 2/5 of 35?,21,14,7,19,1,2/5 × 35 = 14.,JAMB past (adapted)
mathematics,Mathematics,ss2,general,Fractions,1,What is 5/8 of 56?,35,43,7,21,0,5/8 × 56 = 35.,JAMB past (adapted)
mathematics,Mathematics,ss2,general,Fractions,1,What is 1/4 of 16?,40,8,12,4,3,1/4 × 16 = 4.,JAMB past (adapted)
mathematics,Mathematics,ss2,general,Fractions,1,What is 1/3 of 21?,70,14,10,7,3,1/3 × 21 = 7.,JAMB past (adapted)
mathematics,Mathematics,ss2,general,Word Problems,3,A father is 26 years older than his son who is 13. How old is the father?,44,390,26,39,3,13 + 26 = 39 years.,JAMB past (adapted)
mathematics,Mathematics,ss2,general,Word Problems,3,A father is 25 years older than his son who is 9. How old is the father?,39,25,18,34,3,9 + 25 = 34 years.,JAMB past (adapted)
mathematics,Mathematics,ss2,general,Word Problems,3,A father is 32 years older than his son who is 8. How old is the father?,40,32,16,45,0,8 + 32 = 40 years.,JAMB past (adapted)
mathematics,Mathematics,ss2,general,Word Problems,3,A father is 23 years older than his son who is 8. How old is the father?,23,31,36,16,1,8 + 23 = 31 years.,JAMB past (adapted)
mathematics,Mathematics,ss2,general,Word Problems,3,A father is 34 years older than his son who is 8. How old is the father?,34,47,16,42,3,8 + 34 = 42 years.,JAMB past (adapted)
mathematics,Mathematics,ss2,general,Word Problems,3,A father is 28 years older than his son who is 14. How old is the father?,42,420,47,28,0,14 + 28 = 42 years.,JAMB past (adapted)
mathematics,Mathematics,ss2,general,Word Problems,3,A father is 25 years older than his son who is 13. How old is the father?,26,25,43,38,3,13 + 25 = 38 years.,JAMB past (adapted)
mathematics,Mathematics,ss2,general,Word Problems,3,A father is 28 years older than his son who is 7. How old is the father?,40,14,35,28,2,7 + 28 = 35 years.,JAMB past (adapted)
mathematics,Mathematics,ss2,general,Word Problems,3,A father is 29 years older than his son who is 13. How old is the father?,42,26,29,47,0,13 + 29 = 42 years.,JAMB past (adapted)
mathematics,Mathematics,ss2,general,Word Problems,3,A father is 22 years older than his son who is 7. How old is the father?,22,14,34,29,3,7 + 22 = 29 years.,JAMB past (adapted)
mathematics,Mathematics,ss2,general,Word Problems,3,A father is 30 years older than his son who is 12. How old is the father?,42,24,47,30,0,12 + 30 = 42 years.,JAMB past (adapted)
mathematics,Mathematics,ss2,general,Word Problems,3,A father is 23 years older than his son who is 7. How old is the father?,30,23,14,35,0,7 + 23 = 30 years.,JAMB past (adapted)
mathematics,Mathematics,ss2,general,Word Problems,3,A father is 25 years older than his son who is 12. How old is the father?,24,42,37,25,2,12 + 25 = 37 years.,JAMB past (adapted)
mathematics,Mathematics,ss2,general,Number Bases,2,Convert 37 to base 2,100110,1001010,100101,100100,2,Successive division by 2 gives 100101.,JAMB past (adapted)
mathematics,Mathematics,ss2,general,Number Bases,2,Convert 25 to base 2,11010,11000,110010,11001,3,Successive division by 2 gives 11001.,JAMB past (adapted)
mathematics,Mathematics,ss2,general,Number Bases,2,Convert 33 to base 2,100010,100000,1000010,100001,3,Successive division by 2 gives 100001.,JAMB past (adapted)
mathematics,Mathematics,ss2,general,Number Bases,2,Convert 43 to base 2,1010110,101011,101100,101010,1,Successive division by 2 gives 101011.,JAMB past (adapted)
mathematics,Mathematics,ss2,general,Number Bases,2,Convert 17 to base 2,10010,10001,100010,10000,1,Successive division by 2 gives 10001.,JAMB past (adapted)
mathematics,Mathematics,ss2,general,Number Bases,2,Convert 15 to base 2,1111,1110,11110,10000,0,Successive division by 2 gives 1111.,JAMB past (adapted)
mathematics,Mathematics,ss2,general,Number Bases,2,Convert 13 to base 2,1110,1100,11010,1101,3,Successive division by 2 gives 1101.,JAMB past (adapted)
mathematics,Mathematics,ss2,general,Number Bases,3,Convert 134 to base 8,86,10000110,16,206,3,Divide repeatedly by 8: 206.,JAMB past (adapted)
mathematics,Mathematics,ss2,general,Number Bases,3,Convert 163 to base 8,20,a3,243,10100011,2,Divide repeatedly by 8: 243.,JAMB past (adapted)
mathematics,Mathematics,ss2,general,Number Bases,3,Convert 145 to base 8,91,18,10010001,221,3,Divide repeatedly by 8: 221.,JAMB past (adapted)
mathematics,Mathematics,ss2,general,Number Bases,3,Convert 191 to base 8,10111111,bf,23,277,3,Divide repeatedly by 8: 277.,JAMB past (adapted)
mathematics,Mathematics,ss2,general,Percentage,2,A shopkeeper buys an article for ₦800 and sells it at a profit of 15%. Find the selling price,₦120,₦680,₦920,₦970,2,Profit = 15% × 800 = ₦120; SP = ₦920.,JAMB past (adapted)
mathematics,Mathematics,ss2,general,Percentage,2,A shopkeeper buys an article for ₦5000 and sells it at a profit of 15%. Find the selling price,₦750,₦4250,₦5750,₦5800,2,Profit = 15% × 5000 = ₦750; SP = ₦5750.,JAMB past (adapted)
mathematics,Mathematics,ss2,general,Percentage,2,A shopkeeper buys an article for ₦1200 and sells it at a profit of 20%. Find the selling price,₦240,₦960,₦1440,₦1490,2,Profit = 20% × 1200 = ₦240; SP = ₦1440.,JAMB past (adapted)
mathematics,Mathematics,ss2,general,Percentage,2,A shopkeeper buys an article for ₦2500 and sells it at a profit of 5%. Find the selling price,₦2675,₦2375,₦2625,₦125,2,Profit = 5% × 2500 = ₦125; SP = ₦2625.,JAMB past (adapted)
mathematics,Mathematics,ss2,general,Percentage,2,A shopkeeper buys an article for ₦2500 and sells it at a profit of 10%. Find the selling price,₦2750,₦2250,₦2800,₦250,0,Profit = 10% × 2500 = ₦250; SP = ₦2750.,JAMB past (adapted)
mathematics,Mathematics,ss2,general,Percentage,2,A shopkeeper buys an article for ₦3000 and sells it at a profit of 5%. Find the selling price,₦3150,₦150,₦3200,₦2850,0,Profit = 5% × 3000 = ₦150; SP = ₦3150.,JAMB past (adapted)
mathematics,Mathematics,ss2,general,Percentage,2,A shopkeeper buys an article for ₦1500 and sells it at a profit of 10%. Find the selling price,₦1650,₦1350,₦150,₦1700,0,Profit = 10% × 1500 = ₦150; SP = ₦1650.,JAMB past (adapted)
mathematics,Mathematics,ss2,general,Percentage,2,A shopkeeper buys an article for ₦600 and sells it at a profit of 25%. Find the selling price,₦450,₦750,₦150,₦800,1,Profit = 25% × 600 = ₦150; SP = ₦750.,JAMB past (adapted)
mathematics,Mathematics,ss2,general,Percentage,2,A shopkeeper buys an article for ₦400 and sells it at a profit of 25%. Find the selling price,₦100,₦500,₦550,₦300,1,Profit = 25% × 400 = ₦100; SP = ₦500.,JAMB past (adapted)
mathematics,Mathematics,ss2,general,Percentage,2,A shopkeeper buys an article for ₦800 and sells it at a profit of 25%. Find the selling price,₦1050,₦600,₦200,₦1000,3,Profit = 25% × 800 = ₦200; SP = ₦1000.,JAMB past (adapted)
mathematics,Mathematics,ss2,general,Percentage,2,A shopkeeper buys an article for ₦1500 and sells it at a profit of 25%. Find the selling price,₦1925,₦375,₦1125,₦1875,3,Profit = 25% × 1500 = ₦375; SP = ₦1875.,JAMB past (adapted)
mathematics,Mathematics,ss2,general,Percentage,2,A shopkeeper buys an article for ₦1500 and sells it at a profit of 5%. Find the selling price,₦1575,₦75,₦1625,₦1425,0,Profit = 5% × 1500 = ₦75; SP = ₦1575.,JAMB past (adapted)
mathematics,Mathematics,ss2,general,Percentage,2,A shopkeeper buys an article for ₦3000 and sells it at a profit of 20%. Find the selling price,₦3600,₦3650,₦2400,₦600,0,Profit = 20% × 3000 = ₦600; SP = ₦3600.,JAMB past (adapted)
mathematics,Mathematics,ss2,general,Percentage,2,An article bought for ₦6000 is sold at a loss of 10%. Find the selling price,₦600,₦6600,₦5350,₦5400,3,Loss = ₦600; SP = ₦6000 − ₦600 = ₦5400.,JAMB past (adapted)
mathematics,Mathematics,ss2,general,Percentage,2,An article bought for ₦500 is sold at a loss of 10%. Find the selling price,₦450,₦50,₦400,₦550,0,Loss = ₦50; SP = ₦500 − ₦50 = ₦450.,JAMB past (adapted)
mathematics,Mathematics,ss2,general,Percentage,2,An article bought for ₦1000 is sold at a loss of 10%. Find the selling price,₦850,₦1100,₦900,₦100,2,Loss = ₦100; SP = ₦1000 − ₦100 = ₦900.,JAMB past (adapted)
mathematics,Mathematics,ss2,general,Percentage,2,An article bought for ₦4000 is sold at a loss of 20%. Find the selling price,₦4800,₦800,₦3200,₦3150,2,Loss = ₦800; SP = ₦4000 − ₦800 = ₦3200.,JAMB past (adapted)
mathematics,Mathematics,ss2,general,Percentage,2,An article bought for ₦1000 is sold at a loss of 5%. Find the selling price,₦900,₦50,₦950,₦1050,2,Loss = ₦50; SP = ₦1000 − ₦50 = ₦950.,JAMB past (adapted)
mathematics,Mathematics,ss2,general,Percentage,2,An article bought for ₦6000 is sold at a loss of 5%. Find the selling price,₦5650,₦5700,₦300,₦6300,1,Loss = ₦300; SP = ₦6000 − ₦300 = ₦5700.,JAMB past (adapted)
mathematics,Mathematics,ss2,general,Percentage,2,An article bought for ₦4000 is sold at a loss of 5%. Find the selling price,₦3750,₦4200,₦3800,₦200,2,Loss = ₦200; SP = ₦4000 − ₦200 = ₦3800.,JAMB past (adapted)
mathematics,Mathematics,ss2,general,Percentage,2,An article bought for ₦500 is sold at a loss of 5%. Find the selling price,₦425,₦525,₦475,₦25,2,Loss = ₦25; SP = ₦500 − ₦25 = ₦475.,JAMB past (adapted)
mathematics,Mathematics,ss2,general,Percentage,2,An article bought for ₦2000 is sold at a loss of 10%. Find the selling price,₦2200,₦1750,₦200,₦1800,3,Loss = ₦200; SP = ₦2000 − ₦200 = ₦1800.,JAMB past (adapted)
mathematics,Mathematics,ss2,general,Percentage,2,An article bought for ₦1000 is sold at a loss of 20%. Find the selling price,₦1200,₦800,₦750,₦200,1,Loss = ₦200; SP = ₦1000 − ₦200 = ₦800.,JAMB past (adapted)
mathematics,Mathematics,ss2,general,Indices,2,Evaluate 2^4 ÷ 2^1,8,32,14,6,0,Subtract indices: 2^(4−1) = 2^3 = 8.,JAMB past (adapted)
mathematics,Mathematics,ss2,general,Indices,2,Evaluate 5^4 ÷ 5^2,600,15625,25,10,2,Subtract indices: 5^(4−2) = 5^2 = 25.,JAMB past (adapted)
mathematics,Mathematics,ss2,general,Indices,2,Evaluate 3^2 ÷ 3^1,30,27,3,6,2,Subtract indices: 3^(2−1) = 3^1 = 3.,JAMB past (adapted)
mathematics,Mathematics,ss2,general,Indices,2,Evaluate 10^3 ÷ 10^2,10,100,100000,900,0,Subtract indices: 10^(3−2) = 10^1 = 10.,JAMB past (adapted)
mathematics,Mathematics,ss2,general,Indices,2,Evaluate 3^3 ÷ 3^3,1,0,10,729,0,Subtract indices: 3^(3−3) = 3^0 = 1.,JAMB past (adapted)
mathematics,Mathematics,ss2,general,Indices,2,Evaluate 3^4 ÷ 3^1,243,27,78,9,1,Subtract indices: 3^(4−1) = 3^3 = 27.,JAMB past (adapted)
mathematics,Mathematics,ss2,general,Indices,2,Simplify a^10 × a^5 ÷ a^5,a^10,a^15,a^2,a^5,0,a^10 × a^5 ÷ a^5 = a^(10+5−5) = a^10.,JAMB past (adapted)
mathematics,Mathematics,ss2,general,Logarithms,2,Find log_10 100000,6,10000,5,4,2,"10^5 = 100000, so log_10 100000 = 5.",JAMB past (adapted)
mathematics,Mathematics,ss2,general,Logarithms,2,Find log_3 9,2,3,1,20,0,"3^2 = 9, so log_3 9 = 2.",JAMB past (adapted)
mathematics,Mathematics,ss2,general,Logarithms,2,Find log_10 1000,4,2,3,100,2,"10^3 = 1000, so log_10 1000 = 3.",JAMB past (adapted)
mathematics,Mathematics,ss2,general,Quadratic Equations,2,The sum of two numbers is 10 and their product is 21. Find the numbers,3 and 7,3 and 8,2 and 7,3 and 6,0,x² − 10x + 21 = (x−3)(x−7).,JAMB past (adapted)
mathematics,Mathematics,ss2,general,Quadratic Equations,2,The sum of two numbers is 9 and their product is 20. Find the numbers,4 and 4,5 and 4,5 and 5,5 and 3,1,x² − 9x + 20 = (x−5)(x−4).,JAMB past (adapted)
mathematics,Mathematics,ss2,general,Quadratic Equations,2,The sum of two numbers is 7 and their product is 10. Find the numbers,5 and 3,5 and 2,4 and 2,5 and 1,1,x² − 7x + 10 = (x−5)(x−2).,JAMB past (adapted)
mathematics,Mathematics,ss2,general,Quadratic Equations,2,The sum of two numbers is 12 and their product is 32. Find the numbers,3 and 8,4 and 7,4 and 8,4 and 9,2,x² − 12x + 32 = (x−4)(x−8).,JAMB past (adapted)
mathematics,Mathematics,ss2,general,Statistics,1,"Find the mean of [12, 18, 3, 2, 17]",9.9,10.4,13.0,11.4,1,Sum 52 ÷ 5 = 10.4.,JAMB past (adapted)
mathematics,Mathematics,ss2,general,Statistics,1,"Find the mean of [15, 14, 12, 3, 10]",10.3,13.5,10.8,11.8,2,Sum 54 ÷ 5 = 10.8.,JAMB past (adapted)
mathematics,Mathematics,ss2,general,Statistics,1,"Find the mean of [16, 7, 17, 2, 12]",10.8,11.8,13.5,10.3,0,Sum 54 ÷ 5 = 10.8.,JAMB past (adapted)
mathematics,Mathematics,ss2,general,Statistics,1,"Find the mean of [16, 7, 2, 8, 18]",12.8,10.2,11.2,9.7,1,Sum 51 ÷ 5 = 10.2.,JAMB past (adapted)
mathematics,Mathematics,ss2,general,Statistics,1,"Find the mean of [8, 3, 16, 9, 2]",8.6,7.1,9.5,7.6,3,Sum 38 ÷ 5 = 7.6.,JAMB past (adapted)
mathematics,Mathematics,ss2,general,Statistics,1,"Find the mean of [4, 7, 18, 12, 10]",10.2,11.2,12.8,9.7,0,Sum 51 ÷ 5 = 10.2.,JAMB past (adapted)
mathematics,Mathematics,ss2,general,Statistics,1,"Find the mean of [5, 14, 10, 7, 13]",9.3,12.2,10.8,9.8,3,Sum 49 ÷ 5 = 9.8.,JAMB past (adapted)
mathematics,Mathematics,ss2,general,Statistics,1,"Find the mean of [4, 5, 10, 7, 8]",7.8,6.8,8.5,6.3,1,Sum 34 ÷ 5 = 6.8.,JAMB past (adapted)
mathematics,Mathematics,ss2,general,Statistics,1,"Find the mean of [5, 5, 3, 2, 4]",3.3,3.8,4.8,3.80,1,Sum 19 ÷ 5 = 3.8.,JAMB past (adapted)
mathematics,Mathematics,ss2,general,Statistics,1,"Find the mean of [7, 17, 4, 12, 15]",13.8,10.5,11.0,12.0,2,Sum 55 ÷ 5 = 11.0.,JAMB past (adapted)
mathematics,Mathematics,ss2,general,Statistics,1,"Find the mean of [10, 4, 17, 17, 9]",14.2,11.4,12.4,10.9,1,Sum 57 ÷ 5 = 11.4.,JAMB past (adapted)
mathematics,Mathematics,ss2,general,Statistics,1,"Find the mean of [9, 12, 16, 3, 4]",11.0,8.3,9.8,8.8,3,Sum 44 ÷ 5 = 8.8.,JAMB past (adapted)
mathematics,Mathematics,ss2,general,Statistics,1,"Find the mean of [8, 13, 11, 13, 5]",9.5,12.5,11.0,10.0,3,Sum 50 ÷ 5 = 10.0.,JAMB past (adapted)
mathematics,Mathematics,ss2,general,Statistics,1,"Find the mean of [3, 9, 9, 6, 5]",5.9,7.4,6.4,8.0,2,Sum 32 ÷ 5 = 6.4.,JAMB past (adapted)
mathematics,Mathematics,ss2,general,Statistics,1,"Find the mean of [8, 9, 15, 6, 18]",10.7,14.0,11.2,12.2,2,Sum 56 ÷ 5 = 11.2.,JAMB past (adapted)
mathematics,Mathematics,ss2,general,Statistics,1,"Find the median of [27, 23, 22, 14, 10]",14,10,22,23,2,"Ordered: [10, 14, 22, 23, 27]; middle value = 22.",JAMB past (adapted)
mathematics,Mathematics,ss2,general,Statistics,1,"Find the median of [26, 23, 20, 9, 7]",23,9,20,7,2,"Ordered: [7, 9, 20, 23, 26]; middle value = 20.",JAMB past (adapted)
mathematics,Mathematics,ss2,general,Statistics,1,"Find the median of [27, 26, 19, 7, 5]",7,19,26,5,1,"Ordered: [5, 7, 19, 26, 27]; middle value = 19.",JAMB past (adapted)
mathematics,Mathematics,ss2,general,Statistics,1,"Find the median of [18, 18, 12, 11, 3]",18,12,11,3,1,"Ordered: [3, 11, 12, 18, 18]; middle value = 12.",JAMB past (adapted)
mathematics,Mathematics,ss2,general,Statistics,1,"Find the median of [26, 25, 22, 15, 7]",25,7,22,15,2,"Ordered: [7, 15, 22, 25, 26]; middle value = 22.",JAMB past (adapted)
mathematics,Mathematics,ss2,general,Statistics,1,"Find the median of [25, 15, 10, 6, 3]",15,3,10,6,2,"Ordered: [3, 6, 10, 15, 25]; middle value = 10.",JAMB past (adapted)
mathematics,Mathematics,ss2,general,Statistics,1,"Find the median of [19, 17, 14, 12, 11]",11,14,12,17,1,"Ordered: [11, 12, 14, 17, 19]; middle value = 14.",JAMB past (adapted)
mathematics,Mathematics,ss2,general,Statistics,1,"Find the median of [29, 18, 17, 16, 2]",18,2,17,16,2,"Ordered: [2, 16, 17, 18, 29]; middle value = 17.",JAMB past (adapted)
mathematics,Mathematics,ss2,general,Statistics,1,"Find the median of [27, 19, 17, 7, 2]",7,17,2,19,1,"Ordered: [2, 7, 17, 19, 27]; middle value = 17.",JAMB past (adapted)
mathematics,Mathematics,ss2,general,Statistics,1,"Find the median of [13, 13, 13, 11, 7]",7,11,13,130,2,"Ordered: [7, 11, 13, 13, 13]; middle value = 13.",JAMB past (adapted)
mathematics,Mathematics,ss2,general,Statistics,1,"Find the median of [25, 23, 22, 15, 6]",15,6,22,23,2,"Ordered: [6, 15, 22, 23, 25]; middle value = 22.",JAMB past (adapted)
mathematics,Mathematics,ss2,general,Statistics,1,"Find the median of [16, 13, 10, 6, 5]",10,6,13,5,0,"Ordered: [5, 6, 10, 13, 16]; middle value = 10.",JAMB past (adapted)
mathematics,Mathematics,ss2,general,Statistics,1,"Find the median of [24, 23, 13, 12, 3]",23,3,13,12,2,"Ordered: [3, 12, 13, 23, 24]; middle value = 13.",JAMB past (adapted)
mathematics,Mathematics,ss2,general,Statistics,1,"Find the median of [13, 10, 8, 8, 7]",10,8,7,80,1,"Ordered: [7, 8, 8, 10, 13]; middle value = 8.",JAMB past (adapted)
mathematics,Mathematics,ss2,general,Statistics,1,"Find the median of [19, 12, 11, 7, 4]",12,4,7,11,3,"Ordered: [4, 7, 11, 12, 19]; middle value = 11.",JAMB past (adapted)
mathematics,Mathematics,ss2,general,Statistics,1,"Find the mode of [3, 5, 5, 7, 29]",50,5,29,3,1,5 occurs most often.,JAMB past (adapted)
mathematics,Mathematics,ss2,general,Statistics,1,"Find the mode of [9, 9, 15, 17, 27]",90,15,27,9,3,9 occurs most often.,JAMB past (adapted)
mathematics,Mathematics,ss2,general,Statistics,1,"Find the mode of [2, 2, 6, 14, 23]",23,6,2,20,2,2 occurs most often.,JAMB past (adapted)
mathematics,Mathematics,ss2,general,Statistics,1,"Find the mode of [4, 4, 9, 12, 18]",4,40,18,9,0,4 occurs most often.,JAMB past (adapted)
mathematics,Mathematics,ss2,general,Statistics,1,"Find the mode of [2, 4, 11, 11, 25]",2,110,25,11,3,11 occurs most often.,JAMB past (adapted)
mathematics,Mathematics,ss2,general,Statistics,1,"Find the mode of [6, 6, 17, 21, 27]",60,6,27,17,1,6 occurs most often.,JAMB past (adapted)
mathematics,Mathematics,ss2,general,Statistics,1,"Find the mode of [3, 4, 4, 5, 14]",3,14,4,40,2,4 occurs most often.,JAMB past (adapted)
mathematics,Mathematics,ss2,general,Statistics,1,"Find the mode of [2, 10, 10, 11, 19]",100,19,2,10,3,10 occurs most often.,JAMB past (adapted)
mathematics,Mathematics,ss2,general,Statistics,1,"Find the mode of [6, 10, 10, 15, 16]",10,100,16,6,0,10 occurs most often.,JAMB past (adapted)
mathematics,Mathematics,ss2,general,Statistics,1,"Find the mode of [5, 10, 10, 19, 21]",5,21,100,10,3,10 occurs most often.,JAMB past (adapted)
mathematics,Mathematics,ss2,general,Statistics,1,"Find the mode of [2, 11, 11, 16, 17]",11,2,17,110,0,11 occurs most often.,JAMB past (adapted)
mathematics,Mathematics,ss2,general,Statistics,1,"Find the mode of [3, 8, 8, 12, 12]",3,80,8,12,2,8 occurs most often.,JAMB past (adapted)
mathematics,Mathematics,ss2,general,Commercial Mathematics,2,Find the simple interest on ₦20000 for 2 years at 3% per annum,₦1200,₦21200,₦600,₦12000,0,SI = PRT/100 = 20000×3×2/100 = ₦1200.,JAMB past (adapted)
mathematics,Mathematics,ss2,general,Commercial Mathematics,2,Find the simple interest on ₦20000 for 4 years at 4% per annum,₦23200,₦32000,₦800,₦3200,3,SI = PRT/100 = 20000×4×4/100 = ₦3200.,JAMB past (adapted)
mathematics,Mathematics,ss2,general,Commercial Mathematics,2,Find the simple interest on ₦8000 for 3 years at 6% per annum,₦480,₦14400,₦1440,₦9440,2,SI = PRT/100 = 8000×6×3/100 = ₦1440.,JAMB past (adapted)
mathematics,Mathematics,ss2,general,Commercial Mathematics,2,Find the simple interest on ₦20000 for 3 years at 6% per annum,₦1200,₦23600,₦3600,₦36000,2,SI = PRT/100 = 20000×6×3/100 = ₦3600.,JAMB past (adapted)
mathematics,Mathematics,ss2,general,Commercial Mathematics,2,Find the simple interest on ₦5000 for 5 years at 8% per annum,₦20000,₦2000,₦400,₦7000,1,SI = PRT/100 = 5000×8×5/100 = ₦2000.,JAMB past (adapted)
mathematics,Mathematics,ss2,general,Commercial Mathematics,2,Find the simple interest on ₦25000 for 5 years at 6% per annum,₦1500,₦75000,₦7500,₦32500,2,SI = PRT/100 = 25000×6×5/100 = ₦7500.,JAMB past (adapted)
mathematics,Mathematics,ss2,general,Commercial Mathematics,2,Find the simple interest on ₦5000 for 2 years at 3% per annum,₦3000,₦300,₦150,₦5300,1,SI = PRT/100 = 5000×3×2/100 = ₦300.,JAMB past (adapted)
mathematics,Mathematics,ss2,general,Commercial Mathematics,2,Find the simple interest on ₦25000 for 5 years at 8% per annum,₦100000,₦35000,₦2000,₦10000,3,SI = PRT/100 = 25000×8×5/100 = ₦10000.,JAMB past (adapted)
mathematics,Mathematics,ss2,general,Commercial Mathematics,2,Find the simple interest on ₦5000 for 3 years at 5% per annum,₦5750,₦750,₦250,₦7500,1,SI = PRT/100 = 5000×5×3/100 = ₦750.,JAMB past (adapted)
mathematics,Mathematics,ss2,general,Commercial Mathematics,2,Find the simple interest on ₦8000 for 2 years at 10% per annum,₦800,₦9600,₦16000,₦1600,3,SI = PRT/100 = 8000×10×2/100 = ₦1600.,JAMB past (adapted)
mathematics,Mathematics,ss2,general,Commercial Mathematics,2,Find the simple interest on ₦8000 for 3 years at 8% per annum,₦19200,₦640,₦1920,₦9920,2,SI = PRT/100 = 8000×8×3/100 = ₦1920.,JAMB past (adapted)
mathematics,Mathematics,ss2,general,Motion,2,A car travels at 80 km/h for 2 hours. Distance covered?,2 km,160 km,240 km,80 km,1,Distance = speed × time = 80 × 2 = 160 km.,JAMB past (adapted)
mathematics,Mathematics,ss2,general,Motion,2,A car travels at 100 km/h for 4 hours. Distance covered?,500 km,4 km,400 km,100 km,2,Distance = speed × time = 100 × 4 = 400 km.,JAMB past (adapted)
mathematics,Mathematics,ss2,general,Motion,2,A car travels at 72 km/h for 5 hours. Distance covered?,360 km,5 km,72 km,432 km,0,Distance = speed × time = 72 × 5 = 360 km.,JAMB past (adapted)
mathematics,Mathematics,ss2,general,Motion,2,A car travels at 80 km/h for 5 hours. Distance covered?,80 km,400 km,5 km,480 km,1,Distance = speed × time = 80 × 5 = 400 km.,JAMB past (adapted)
mathematics,Mathematics,ss2,general,Motion,2,A car travels at 60 km/h for 5 hours. Distance covered?,300 km,60 km,5 km,360 km,0,Distance = speed × time = 60 × 5 = 300 km.,JAMB past (adapted)
mathematics,Mathematics,ss2,general,Motion,2,A car travels at 100 km/h for 3 hours. Distance covered?,100 km,300 km,400 km,3 km,1,Distance = speed × time = 100 × 3 = 300 km.,JAMB past (adapted)
mathematics,Mathematics,ss2,general,Motion,2,A car travels at 60 km/h for 6 hours. Distance covered?,60 km,360 km,420 km,6 km,1,Distance = speed × time = 60 × 6 = 360 km.,JAMB past (adapted)
mathematics,Mathematics,ss2,general,Motion,2,A car travels at 45 km/h for 4 hours. Distance covered?,180 km,225 km,45 km,4 km,0,Distance = speed × time = 45 × 4 = 180 km.,JAMB past (adapted)
mathematics,Mathematics,ss2,general,Motion,2,A car travels at 90 km/h for 2 hours. Distance covered?,180 km,270 km,2 km,90 km,0,Distance = speed × time = 90 × 2 = 180 km.,JAMB past (adapted)
mathematics,Mathematics,ss2,general,Motion,2,A train covers 360 km in 3 hours. Its average speed?,120 km/h,360 km/h,30 km/h,130 km/h,0,Speed = 360 ÷ 3 = 120 km/h.,JAMB past (adapted)
mathematics,Mathematics,ss2,general,Motion,2,A train covers 180 km in 2 hours. Its average speed?,180 km/h,90 km/h,20 km/h,100 km/h,1,Speed = 180 ÷ 2 = 90 km/h.,JAMB past (adapted)
mathematics,Mathematics,ss2,general,Motion,2,A train covers 120 km in 2 hours. Its average speed?,60 km/h,120 km/h,20 km/h,70 km/h,0,Speed = 120 ÷ 2 = 60 km/h.,JAMB past (adapted)
mathematics,Mathematics,ss2,general,Motion,2,A train covers 120 km in 3 hours. Its average speed?,120 km/h,50 km/h,40 km/h,30 km/h,2,Speed = 120 ÷ 3 = 40 km/h.,JAMB past (adapted)
mathematics,Mathematics,ss2,general,Motion,2,A train covers 240 km in 4 hours. Its average speed?,60 km/h,240 km/h,70 km/h,40 km/h,0,Speed = 240 ÷ 4 = 60 km/h.,JAMB past (adapted)
mathematics,Mathematics,ss2,general,Ratio & Proportion,2,Two friends share ₦88 in the ratio 5:6. How much does the smaller share get?,₦90,₦40,₦48,₦44,1,One part = ₦8; smaller = 5 × ₦8.,JAMB past (adapted)
mathematics,Mathematics,ss2,general,Ratio & Proportion,2,Two friends share ₦64 in the ratio 3:5. How much does the smaller share get?,₦40,₦74,₦24,₦32,2,One part = ₦8; smaller = 3 × ₦8.,JAMB past (adapted)
mathematics,Mathematics,ss2,general,Ratio & Proportion,2,Two friends share ₦28 in the ratio 4:3. How much does the smaller share get?,₦62,₦14,₦12,₦16,2,One part = ₦4; smaller = 3 × ₦4.,JAMB past (adapted)
mathematics,Mathematics,ss2,general,Ratio & Proportion,2,Two friends share ₦54 in the ratio 5:4. How much does the smaller share get?,₦30,₦74,₦24,₦27,2,One part = ₦6; smaller = 4 × ₦6.,JAMB past (adapted)
mathematics,Mathematics,ss2,general,Ratio & Proportion,2,Two friends share ₦42 in the ratio 2:5. How much does the smaller share get?,₦12,₦30,₦62,₦21,0,One part = ₦6; smaller = 2 × ₦6.,JAMB past (adapted)
mathematics,Mathematics,ss2,general,Ratio & Proportion,2,Two friends share ₦40 in the ratio 2:3. How much does the smaller share get?,₦16,₦66,₦24,₦20,0,One part = ₦8; smaller = 2 × ₦8.,JAMB past (adapted)
mathematics,Mathematics,ss2,general,Ratio & Proportion,2,Two friends share ₦48 in the ratio 2:4. How much does the smaller share get?,₦24,₦16,₦32,₦66,1,One part = ₦8; smaller = 2 × ₦8.,JAMB past (adapted)
mathematics,Mathematics,ss2,general,Sets,2,"In a class, 4 students offer only Biology, 4 only Chemistry and 5 offer both. How many offer the two subjects altogether?",9,8,130,13,3,n(B∪C) = 4 + 4 + 5 = 13.,JAMB past (adapted)
mathematics,Mathematics,ss2,general,Sets,2,"In a class, 6 students offer only Biology, 7 only Chemistry and 3 offer both. How many offer the two subjects altogether?",16,160,13,9,0,n(B∪C) = 6 + 7 + 3 = 16.,JAMB past (adapted)
mathematics,Mathematics,ss2,general,Sets,2,"In a class, 11 students offer only Biology, 9 only Chemistry and 3 offer both. How many offer the two subjects altogether?",23,20,230,14,0,n(B∪C) = 11 + 9 + 3 = 23.,JAMB past (adapted)
mathematics,Mathematics,ss2,general,Sets,2,"In a class, 7 students offer only Biology, 9 only Chemistry and 5 offer both. How many offer the two subjects altogether?",210,16,12,21,3,n(B∪C) = 7 + 9 + 5 = 21.,JAMB past (adapted)
mathematics,Mathematics,ss2,general,Sets,2,"In a class, 6 students offer only Biology, 4 only Chemistry and 5 offer both. How many offer the two subjects altogether?",15,11,10,150,0,n(B∪C) = 6 + 4 + 5 = 15.,JAMB past (adapted)
mathematics,Mathematics,ss2,general,Sets,2,"In a class, 3 students offer only Biology, 4 only Chemistry and 8 offer both. How many offer the two subjects altogether?",7,150,11,15,3,n(B∪C) = 3 + 4 + 8 = 15.,JAMB past (adapted)
mathematics,Mathematics,ss2,general,Sets,2,"In a class, 7 students offer only Biology, 6 only Chemistry and 5 offer both. How many offer the two subjects altogether?",18,13,180,12,0,n(B∪C) = 7 + 6 + 5 = 18.,JAMB past (adapted)
mathematics,Mathematics,ss2,general,Sets,2,"In a class, 8 students offer only Biology, 4 only Chemistry and 5 offer both. How many offer the two subjects altogether?",12,17,170,13,1,n(B∪C) = 8 + 4 + 5 = 17.,JAMB past (adapted)
mathematics,Mathematics,ss2,general,Sets,2,"In a class, 8 students offer only Biology, 7 only Chemistry and 4 offer both. How many offer the two subjects altogether?",15,12,190,19,3,n(B∪C) = 8 + 7 + 4 = 19.,JAMB past (adapted)
mathematics,Mathematics,ss2,general,Sets,2,"In a class, 11 students offer only Biology, 9 only Chemistry and 8 offer both. How many offer the two subjects altogether?",28,19,280,20,0,n(B∪C) = 11 + 9 + 8 = 28.,JAMB past (adapted)
mathematics,Mathematics,ss2,general,Sets,2,"In a class, 4 students offer only Biology, 5 only Chemistry and 6 offer both. How many offer the two subjects altogether?",10,9,15,150,2,n(B∪C) = 4 + 5 + 6 = 15.,JAMB past (adapted)
mathematics,Mathematics,ss2,general,Sets,2,"In a class, 4 students offer only Biology, 6 only Chemistry and 5 offer both. How many offer the two subjects altogether?",10,15,150,9,1,n(B∪C) = 4 + 6 + 5 = 15.,JAMB past (adapted)
mathematics,Mathematics,ss2,general,Geometry,2,Two angles of a triangle are 51° and 63°. Find the third angle,66°,114°,76°,129°,0,Angles sum to 180°: 180 − 51 − 63 = 66°.,JAMB past (adapted)
mathematics,Mathematics,ss2,general,Geometry,2,Two angles of a triangle are 55° and 57°. Find the third angle,78°,125°,68°,112°,2,Angles sum to 180°: 180 − 55 − 57 = 68°.,JAMB past (adapted)
mathematics,Mathematics,ss2,general,Geometry,2,Two angles of a triangle are 45° and 46°. Find the third angle,91°,99°,135°,89°,3,Angles sum to 180°: 180 − 45 − 46 = 89°.,JAMB past (adapted)
mathematics,Mathematics,ss2,general,Geometry,2,Two angles of a triangle are 56° and 37°. Find the third angle,97°,93°,124°,87°,3,Angles sum to 180°: 180 − 56 − 37 = 87°.,JAMB past (adapted)
mathematics,Mathematics,ss2,general,Geometry,2,Two angles of a triangle are 30° and 43°. Find the third angle,107°,117°,73°,150°,0,Angles sum to 180°: 180 − 30 − 43 = 107°.,JAMB past (adapted)
mathematics,Mathematics,ss2,general,Geometry,2,Two angles of a triangle are 30° and 35°. Find the third angle,125°,150°,115°,65°,2,Angles sum to 180°: 180 − 30 − 35 = 115°.,JAMB past (adapted)
mathematics,Mathematics,ss2,general,Geometry,2,Two angles of a triangle are 63° and 67°. Find the third angle,50°,130°,117°,60°,0,Angles sum to 180°: 180 − 63 − 67 = 50°.,JAMB past (adapted)
mathematics,Mathematics,ss2,general,Geometry,2,Two angles of a triangle are 75° and 43°. Find the third angle,105°,72°,118°,62°,3,Angles sum to 180°: 180 − 75 − 43 = 62°.,JAMB past (adapted)
mathematics,Mathematics,ss2,general,Geometry,2,Two angles of a triangle are 70° and 74°. Find the third angle,144°,36°,110°,46°,1,Angles sum to 180°: 180 − 70 − 74 = 36°.,JAMB past (adapted)
mathematics,Mathematics,ss2,general,Geometry,2,Two angles of a triangle are 55° and 33°. Find the third angle,92°,102°,88°,125°,0,Angles sum to 180°: 180 − 55 − 33 = 92°.,JAMB past (adapted)
mathematics,Mathematics,ss2,general,Geometry,2,Two angles of a triangle are 68° and 70°. Find the third angle,138°,52°,42°,112°,2,Angles sum to 180°: 180 − 68 − 70 = 42°.,JAMB past (adapted)
mathematics,Mathematics,ss2,general,Geometry,2,Two angles of a triangle are 62° and 67°. Find the third angle,61°,129°,118°,51°,3,Angles sum to 180°: 180 − 62 − 67 = 51°.,JAMB past (adapted)
mathematics,Mathematics,ss2,general,Geometry,2,Two angles of a triangle are 52° and 38°. Find the third angle,128°,90°0,100°,90°,3,Angles sum to 180°: 180 − 52 − 38 = 90°.,JAMB past (adapted)
mathematics,Mathematics,ss2,general,Geometry,2,Two angles of a triangle are 62° and 76°. Find the third angle,118°,52°,138°,42°,3,Angles sum to 180°: 180 − 62 − 76 = 42°.,JAMB past (adapted)
mathematics,Mathematics,ss2,general,Geometry,2,Two angles of a triangle are 63° and 57°. Find the third angle,120°,60°,117°,70°,1,Angles sum to 180°: 180 − 63 − 57 = 60°.,JAMB past (adapted)
mathematics,Mathematics,ss2,general,Geometry,2,Two angles of a triangle are 39° and 66°. Find the third angle,75°,105°,141°,85°,0,Angles sum to 180°: 180 − 39 − 66 = 75°.,JAMB past (adapted)
mathematics,Mathematics,ss2,general,Mensuration,1,Find the area of a rectangle 16 cm by 7 cm,112 cm²,114 cm²,46 cm²,23 cm²,0,Area = 16 × 7 = 112 cm².,JAMB past (adapted)
mathematics,Mathematics,ss2,general,Mensuration,1,Find the area of a rectangle 21 cm by 19 cm,399 cm²,80 cm²,401 cm²,40 cm²,0,Area = 21 × 19 = 399 cm².,JAMB past (adapted)
mathematics,Mathematics,ss2,general,Mensuration,1,Find the area of a rectangle 14 cm by 5 cm,19 cm²,72 cm²,38 cm²,70 cm²,3,Area = 14 × 5 = 70 cm².,JAMB past (adapted)
mathematics,Mathematics,ss2,general,Mensuration,1,Find the area of a rectangle 19 cm by 16 cm,306 cm²,35 cm²,70 cm²,304 cm²,3,Area = 19 × 16 = 304 cm².,JAMB past (adapted)
mathematics,Mathematics,ss2,general,Mensuration,1,Find the area of a rectangle 20 cm by 11 cm,62 cm²,31 cm²,220 cm²,222 cm²,2,Area = 20 × 11 = 220 cm².,JAMB past (adapted)
mathematics,Mathematics,ss2,general,Mensuration,1,Find the area of a rectangle 21 cm by 4 cm,25 cm²,86 cm²,84 cm²,50 cm²,2,Area = 21 × 4 = 84 cm².,JAMB past (adapted)
mathematics,Mathematics,ss2,general,Mensuration,1,Find the area of a rectangle 14 cm by 8 cm,114 cm²,44 cm²,22 cm²,112 cm²,3,Area = 14 × 8 = 112 cm².,JAMB past (adapted)
mathematics,Mathematics,ss2,general,Mensuration,1,Find the area of a rectangle 6 cm by 4 cm,10 cm²,24 cm²,26 cm²,20 cm²,1,Area = 6 × 4 = 24 cm².,JAMB past (adapted)
mathematics,Mathematics,ss2,general,Mensuration,1,Find the area of a rectangle 8 cm by 6 cm,50 cm²,14 cm²,48 cm²,28 cm²,2,Area = 8 × 6 = 48 cm².,JAMB past (adapted)
mathematics,Mathematics,ss2,general,Mensuration,1,Find the area of a rectangle 7 cm by 4 cm,30 cm²,28 cm²,22 cm²,11 cm²,1,Area = 7 × 4 = 28 cm².,JAMB past (adapted)
mathematics,Mathematics,ss2,general,Mensuration,1,Find the perimeter of a rectangle 18 cm by 5 cm,23 cm,90 cm,48 cm,46 cm,3,P = 2(18 + 5) = 46 cm.,JAMB past (adapted)
mathematics,Mathematics,ss2,general,Mensuration,1,Find the perimeter of a rectangle 24 cm by 15 cm,39 cm,78 cm,80 cm,360 cm,1,P = 2(24 + 15) = 78 cm.,JAMB past (adapted)
mathematics,Mathematics,ss2,general,Mensuration,1,Find the perimeter of a rectangle 19 cm by 19 cm,78 cm,361 cm,76 cm,38 cm,2,P = 2(19 + 19) = 76 cm.,JAMB past (adapted)
mathematics,Mathematics,ss2,general,Mensuration,1,Find the perimeter of a rectangle 21 cm by 15 cm,36 cm,72 cm,315 cm,74 cm,1,P = 2(21 + 15) = 72 cm.,JAMB past (adapted)
mathematics,Mathematics,ss2,general,Mensuration,1,Find the perimeter of a rectangle 13 cm by 15 cm,56 cm,58 cm,28 cm,195 cm,0,P = 2(13 + 15) = 56 cm.,JAMB past (adapted)
mathematics,Mathematics,ss2,general,Mensuration,1,Find the perimeter of a rectangle 6 cm by 12 cm,38 cm,36 cm,72 cm,18 cm,1,P = 2(6 + 12) = 36 cm.,JAMB past (adapted)
mathematics,Mathematics,ss2,general,Mensuration,1,Find the perimeter of a rectangle 15 cm by 11 cm,52 cm,165 cm,26 cm,54 cm,0,P = 2(15 + 11) = 52 cm.,JAMB past (adapted)
mathematics,Mathematics,ss2,general,Mensuration,1,Find the perimeter of a rectangle 11 cm by 14 cm,25 cm,154 cm,52 cm,50 cm,3,P = 2(11 + 14) = 50 cm.,JAMB past (adapted)
mathematics,Mathematics,ss2,general,Mensuration,1,Find the perimeter of a rectangle 12 cm by 12 cm,50 cm,48 cm,24 cm,144 cm,1,P = 2(12 + 12) = 48 cm.,JAMB past (adapted)
mathematics,Mathematics,ss2,general,Mensuration,1,Find the perimeter of a rectangle 6 cm by 13 cm,78 cm,19 cm,40 cm,38 cm,3,P = 2(6 + 13) = 38 cm.,JAMB past (adapted)
mathematics,Mathematics,ss2,general,Fractions,1,What is 1/4 of 12?,7,9,30,3,3,1/4 × 12 = 3.,JAMB past (adapted)
mathematics,Mathematics,ss2,general,Fractions,1,What is 3/8 of 16?,10,14,6,2,2,3/8 × 16 = 6.,JAMB past (adapted)
mathematics,Mathematics,ss2,general,Fractions,1,What is 5/8 of 88?,11,55,33,63,1,5/8 × 88 = 55.,JAMB past (adapted)
mathematics,Mathematics,ss2,general,Fractions,1,What is 1/5 of 55?,110,44,16,11,3,1/5 × 55 = 11.,JAMB past (adapted)
mathematics,Mathematics,ss2,general,Fractions,1,What is 6/8 of 48?,6,36,44,12,1,6/8 × 48 = 36.,JAMB past (adapted)
mathematics,Mathematics,ss2,general,Fractions,1,What is 4/6 of 18?,6,12,18,3,1,4/6 × 18 = 12.,JAMB past (adapted)
mathematics,Mathematics,ss2,general,Fractions,1,What is 4/8 of 64?,40,8,32,320,2,4/8 × 64 = 32.,JAMB past (adapted)
mathematics,Mathematics,ss2,general,Fractions,1,What is 1/3 of 18?,12,60,6,9,2,1/3 × 18 = 6.,JAMB past (adapted)
mathematics,Mathematics,ss2,general,Fractions,1,What is 1/8 of 16?,14,2,20,10,1,1/8 × 16 = 2.,JAMB past (adapted)
mathematics,Mathematics,ss2,general,Fractions,1,What is 3/8 of 64?,32,24,40,8,1,3/8 × 64 = 24.,JAMB past (adapted)
mathematics,Mathematics,ss2,general,Word Problems,3,A father is 34 years older than his son who is 7. How old is the father?,34,46,14,41,3,7 + 34 = 41 years.,JAMB past (adapted)
mathematics,Mathematics,ss2,general,Word Problems,3,A father is 23 years older than his son who is 6. How old is the father?,34,23,12,29,3,6 + 23 = 29 years.,JAMB past (adapted)
mathematics,Mathematics,ss2,general,Word Problems,3,A father is 24 years older than his son who is 7. How old is the father?,24,14,31,36,2,7 + 24 = 31 years.,JAMB past (adapted)
mathematics,Mathematics,ss2,general,Word Problems,3,A father is 29 years older than his son who is 10. How old is the father?,29,39,44,20,1,10 + 29 = 39 years.,JAMB past (adapted)
mathematics,Mathematics,ss2,general,Word Problems,3,A father is 26 years older than his son who is 10. How old is the father?,36,26,41,20,0,10 + 26 = 36 years.,JAMB past (adapted)
mathematics,Mathematics,ss2,general,Word Problems,3,A father is 33 years older than his son who is 12. How old is the father?,50,33,45,24,2,12 + 33 = 45 years.,JAMB past (adapted)
mathematics,Mathematics,ss2,general,Word Problems,3,A father is 32 years older than his son who is 7. How old is the father?,14,39,44,32,1,7 + 32 = 39 years.,JAMB past (adapted)
mathematics,Mathematics,ss2,general,Word Problems,3,A father is 24 years older than his son who is 6. How old is the father?,24,12,30,35,2,6 + 24 = 30 years.,JAMB past (adapted)
mathematics,Mathematics,ss2,general,Word Problems,3,A father is 31 years older than his son who is 13. How old is the father?,26,44,49,31,1,13 + 31 = 44 years.,JAMB past (adapted)
mathematics,Mathematics,ss2,general,Word Problems,3,A father is 34 years older than his son who is 13. How old is the father?,26,47,52,34,1,13 + 34 = 47 years.,JAMB past (adapted)
mathematics,Mathematics,ss2,general,Word Problems,3,A father is 28 years older than his son who is 11. How old is the father?,28,44,22,39,3,11 + 28 = 39 years.,JAMB past (adapted)
mathematics,Mathematics,ss2,general,Word Problems,3,A father is 25 years older than his son who is 11. How old is the father?,25,36,22,41,1,11 + 25 = 36 years.,JAMB past (adapted)
mathematics,Mathematics,ss2,general,Word Problems,3,A father is 25 years older than his son who is 7. How old is the father?,25,32,37,14,1,7 + 25 = 32 years.,JAMB past (adapted)
mathematics,Mathematics,ss2,general,Number Bases,2,Convert 49 to base 2,110000,1100010,110001,110010,2,Successive division by 2 gives 110001.,JAMB past (adapted)
mathematics,Mathematics,ss2,general,Number Bases,2,Convert 60 to base 2,111100,1111000,111101,111011,0,Successive division by 2 gives 111100.,JAMB past (adapted)
mathematics,Mathematics,ss2,general,Number Bases,2,Convert 47 to base 2,101110,110000,1011110,101111,3,Successive division by 2 gives 101111.,JAMB past (adapted)
mathematics,Mathematics,ss2,general,Number Bases,2,Convert 16 to base 2,1111,10001,10000,100000,2,Successive division by 2 gives 10000.,JAMB past (adapted)
mathematics,Mathematics,ss2,general,Number Bases,3,Convert 94 to base 8,5e,11,136,1011110,2,Divide repeatedly by 8: 136.,JAMB past (adapted)
mathematics,Mathematics,ss2,general,Number Bases,3,Convert 157 to base 8,235,9d,10011101,19,0,Divide repeatedly by 8: 235.,JAMB past (adapted)
mathematics,Mathematics,ss2,general,Number Bases,3,Convert 55 to base 8,110111,37,67,6,2,Divide repeatedly by 8: 67.,JAMB past (adapted)
mathematics,Mathematics,ss2,general,Number Bases,3,Convert 179 to base 8,b3,263,10110011,22,1,Divide repeatedly by 8: 263.,JAMB past (adapted)
mathematics,Mathematics,ss2,general,Percentage,2,A shopkeeper buys an article for ₦5000 and sells it at a profit of 25%. Find the selling price,₦6250,₦6300,₦1250,₦3750,0,Profit = 25% × 5000 = ₦1250; SP = ₦6250.,JAMB past (adapted)
mathematics,Mathematics,ss2,general,Percentage,2,A shopkeeper buys an article for ₦600 and sells it at a profit of 10%. Find the selling price,₦540,₦660,₦710,₦60,1,Profit = 10% × 600 = ₦60; SP = ₦660.,JAMB past (adapted)
mathematics,Mathematics,ss2,general,Percentage,2,A shopkeeper buys an article for ₦3000 and sells it at a profit of 10%. Find the selling price,₦2700,₦3300,₦300,₦3350,1,Profit = 10% × 3000 = ₦300; SP = ₦3300.,JAMB past (adapted)
mathematics,Mathematics,ss2,general,Percentage,2,A shopkeeper buys an article for ₦2500 and sells it at a profit of 15%. Find the selling price,₦2125,₦2925,₦2875,₦375,2,Profit = 15% × 2500 = ₦375; SP = ₦2875.,JAMB past (adapted)
mathematics,Mathematics,ss2,general,Percentage,2,A shopkeeper buys an article for ₦2000 and sells it at a profit of 15%. Find the selling price,₦2350,₦2300,₦300,₦1700,1,Profit = 15% × 2000 = ₦300; SP = ₦2300.,JAMB past (adapted)
mathematics,Mathematics,ss2,general,Percentage,2,A shopkeeper buys an article for ₦2500 and sells it at a profit of 20%. Find the selling price,₦3000,₦2000,₦500,₦3050,0,Profit = 20% × 2500 = ₦500; SP = ₦3000.,JAMB past (adapted)
mathematics,Mathematics,ss2,general,Percentage,2,A shopkeeper buys an article for ₦5000 and sells it at a profit of 20%. Find the selling price,₦6000,₦6050,₦1000,₦4000,0,Profit = 20% × 5000 = ₦1000; SP = ₦6000.,JAMB past (adapted)
mathematics,Mathematics,ss2,general,Percentage,2,A shopkeeper buys an article for ₦4000 and sells it at a profit of 20%. Find the selling price,₦4800,₦800,₦3200,₦4850,0,Profit = 20% × 4000 = ₦800; SP = ₦4800.,JAMB past (adapted)
mathematics,Mathematics,ss2,general,Percentage,2,A shopkeeper buys an article for ₦600 and sells it at a profit of 5%. Find the selling price,₦630,₦680,₦30,₦570,0,Profit = 5% × 600 = ₦30; SP = ₦630.,JAMB past (adapted)
mathematics,Mathematics,ss2,general,Percentage,2,A shopkeeper buys an article for ₦2000 and sells it at a profit of 25%. Find the selling price,₦2550,₦500,₦1500,₦2500,3,Profit = 25% × 2000 = ₦500; SP = ₦2500.,JAMB past (adapted)
mathematics,Mathematics,ss2,general,Percentage,2,A shopkeeper buys an article for ₦800 and sells it at a profit of 5%. Find the selling price,₦40,₦760,₦890,₦840,3,Profit = 5% × 800 = ₦40; SP = ₦840.,JAMB past (adapted)
mathematics,Mathematics,ss2,general,Percentage,2,A shopkeeper buys an article for ₦5000 and sells it at a profit of 5%. Find the selling price,₦5300,₦4750,₦250,₦5250,3,Profit = 5% × 5000 = ₦250; SP = ₦5250.,JAMB past (adapted)
mathematics,Mathematics,ss2,general,Percentage,2,An article bought for ₦2000 is sold at a loss of 20%. Find the selling price,₦1550,₦1600,₦2400,₦400,1,Loss = ₦400; SP = ₦2000 − ₦400 = ₦1600.,JAMB past (adapted)
mathematics,Mathematics,ss2,general,Percentage,2,An article bought for ₦2000 is sold at a loss of 5%. Find the selling price,₦100,₦1850,₦1900,₦2100,2,Loss = ₦100; SP = ₦2000 − ₦100 = ₦1900.,JAMB past (adapted)
english,English Language,ss2,general,Synonyms,1,Choose the word nearest in meaning to the underlined word: The judge was *candid* in his remarks,frank,hesitant,funny,rude,0,'Candid' means frank/open.,WAEC/JAMB past (adapted)
english,English Language,ss2,general,Synonyms,1,The thief was *furtive*,brave,loud,sly,clumsy,2,'Furtive' = sly/secretive.,WAEC/JAMB past (adapted)
english,English Language,ss2,general,Synonyms,2,Her contribution was *negligible*,generous,timely,enormous,insignificant,3,'Negligible' = insignificant.,WAEC/JAMB past (adapted)
english,English Language,ss2,general,Synonyms,2,The president gave his *assent* to the bill,approval,advice,refusal,speech,0,'Assent' = approval.,WAEC/JAMB past (adapted)
english,English Language,ss2,general,Synonyms,1,The room was in a state of *chaos*,order,cleanliness,silence,confusion,3,'Chaos' = total confusion.,WAEC/JAMB past (adapted)
english,English Language,ss2,general,Synonyms,2,He is known for his *diligence*,laziness,pride,wealth,hard work,3,'Diligence' = careful hard work.,WAEC/JAMB past (adapted)
english,English Language,ss2,general,Synonyms,2,The news was *devastating*,late,false,shattering,pleasant,2,'Devastating' = deeply destructive.,WAEC/JAMB past (adapted)
english,English Language,ss2,general,Synonyms,1,She spoke with *clarity*,anger,fear,speed,clearness,3,'Clarity' = clearness.,WAEC/JAMB past (adapted)
english,English Language,ss2,general,Synonyms,2,The medicine gave *instant relief*,delayed,mild,immediate,partial,2,'Instant' = immediate.,WAEC/JAMB past (adapted)
english,English Language,ss2,general,Synonyms,2,His argument was *lucid*,long,weak,clear,angry,2,'Lucid' = clear/easy to follow.,WAEC/JAMB past (adapted)
english,English Language,ss2,general,Synonyms,3,The manager was *fastidious* about details,careless,slow,very careful,rude,2,'Fastidious' = excessively careful.,WAEC/JAMB past (adapted)
english,English Language,ss2,general,Synonyms,2,They received a *cordial* welcome,silent,cold,formal,warm,3,'Cordial' = warm and friendly.,WAEC/JAMB past (adapted)
english,English Language,ss2,general,Synonyms,2,The evidence was *conclusive*,false,partial,doubtful,decisive,3,'Conclusive' = decisive.,WAEC/JAMB past (adapted)
english,English Language,ss2,general,Synonyms,1,The child was *obedient*,noisy,timid,stubborn,well-behaved,3,'Obedient' = well-behaved.,WAEC/JAMB past (adapted)
english,English Language,ss2,general,Synonyms,2,Water is *essential* to life,cheap,necessary,sweet,useful,1,'Essential' = absolutely necessary.,WAEC/JAMB past (adapted)
english,English Language,ss2,general,Synonyms,3,His *tenacity* impressed the coach,persistence,height,speed,anger,0,'Tenacity' = persistence.,WAEC/JAMB past (adapted)
english,English Language,ss2,general,Synonyms,2,The region has *abundant* rainfall,harmful,little,yearly,plentiful,3,'Abundant' = plentiful.,WAEC/JAMB past (adapted)
english,English Language,ss2,general,Synonyms,2,The judge dismissed the *frivolous* suit,unserious,serious,civil,criminal,0,'Frivolous' = not serious.,WAEC/JAMB past (adapted)
english,English Language,ss2,general,Synonyms,1,The pupils were *enthusiastic*,tired,eager,quiet,absent,1,'Enthusiastic' = eager.,WAEC/JAMB past (adapted)
english,English Language,ss2,general,Synonyms,3,He gave a *cogent* reason for his absence,short,convincing,weak,false,1,'Cogent' = convincing.,WAEC/JAMB past (adapted)
english,English Language,ss2,general,Synonyms,2,The two accounts *corroborated* each other,differed,confirmed,confused,contradicted,1,'Corroborate' = confirm.,WAEC/JAMB past (adapted)
english,English Language,ss2,general,Synonyms,2,The old man walked with a *gait* typical of his age,burden,stick,manner of walking,companion,2,'Gait' = manner of walking.,WAEC/JAMB past (adapted)
english,English Language,ss2,general,Synonyms,1,The food was *tasty*,bitter,costly,raw,delicious,3,'Tasty' = delicious.,WAEC/JAMB past (adapted)
english,English Language,ss2,general,Synonyms,3,Her *melancholy* was obvious to all,anger,sadness,happiness,wealth,1,'Melancholy' = sadness.,WAEC/JAMB past (adapted)
english,English Language,ss2,general,Synonyms,2,The soldiers showed great *valour*,strength,bravery,anger,fear,1,'Valour' = bravery.,WAEC/JAMB past (adapted)
english,English Language,ss2,general,Synonyms,2,He was *reluctant* to go,forced,happy,eager,unwilling,3,'Reluctant' = unwilling.,WAEC/JAMB past (adapted)
english,English Language,ss2,general,Synonyms,1,The answer was *accurate*,wrong,fast,long,correct,3,'Accurate' = correct.,WAEC/JAMB past (adapted)
english,English Language,ss2,general,Synonyms,3,The speech was full of *innuendo*,statistics,quotations,indirect hints,praise,2,'Innuendo' = indirect suggestion.,WAEC/JAMB past (adapted)
english,English Language,ss2,general,Synonyms,2,The city has a *dense* population,thin,thick,young,small,1,'Dense' = thickly settled.,WAEC/JAMB past (adapted)
english,English Language,ss2,general,Synonyms,2,The results were *released* yesterday,published,cancelled,delayed,stolen,0,'Released' = published/made known.,WAEC/JAMB past (adapted)
english,English Language,ss2,general,Antonyms,1,Choose the word opposite in meaning: *Benevolent*,gentle,generous,wicked,kind,2,Benevolent (kind) ↔ wicked.,WAEC/JAMB past (adapted)
english,English Language,ss2,general,Antonyms,1,*Ancient* is the opposite of,modern,old,past,aged,0,Ancient ↔ modern.,WAEC/JAMB past (adapted)
english,English Language,ss2,general,Antonyms,1,The opposite of *transparent* is,opaque,clear,bright,glassy,0,Transparent ↔ opaque.,WAEC/JAMB past (adapted)
english,English Language,ss2,general,Antonyms,2,The opposite of *abundant* is,vast,scarce,many,plentiful,1,Abundant ↔ scarce.,WAEC/JAMB past (adapted)
english,English Language,ss2,general,Antonyms,1,The opposite of *victory* is,war,success,defeat,celebration,2,Victory ↔ defeat.,WAEC/JAMB past (adapted)
english,English Language,ss2,general,Antonyms,2,The opposite of *hostile* is,friendly,distant,angry,military,0,Hostile ↔ friendly.,WAEC/JAMB past (adapted)
english,English Language,ss2,general,Antonyms,2,The opposite of *compulsory* is,difficult,forced,necessary,optional,3,Compulsory ↔ optional.,WAEC/JAMB past (adapted)
english,English Language,ss2,general,Antonyms,1,The opposite of *artificial* is,synthetic,fake,made,natural,3,Artificial ↔ natural.,WAEC/JAMB past (adapted)
english,English Language,ss2,general,Antonyms,2,The opposite of *temporary* is,permanent,short,partial,brief,0,Temporary ↔ permanent.,WAEC/JAMB past (adapted)
english,English Language,ss2,general,Antonyms,2,The opposite of *innocent* is,pure,humble,childish,guilty,3,Innocent ↔ guilty.,WAEC/JAMB past (adapted)
english,English Language,ss2,general,Antonyms,2,The opposite of *frugal* is,poor,careful,thrifty,wasteful,3,Frugal (thrifty) ↔ wasteful.,WAEC/JAMB past (adapted)
english,English Language,ss2,general,Antonyms,1,The opposite of *expand* is,widen,contract,grow,spread,1,Expand ↔ contract.,WAEC/JAMB past (adapted)
english,English Language,ss2,general,Antonyms,2,The opposite of *scarce* is,rare,plentiful,little,few,1,Scarce ↔ plentiful.,WAEC/JAMB past (adapted)
english,English Language,ss2,general,Antonyms,2,The opposite of *candid* is,open,evasive,plain,frank,1,Candid (frank) ↔ evasive.,WAEC/JAMB past (adapted)
english,English Language,ss2,general,Antonyms,1,The opposite of *ascend* is,lift,rise,descend,climb,2,Ascend ↔ descend.,WAEC/JAMB past (adapted)
english,English Language,ss2,general,Antonyms,2,The opposite of *lenient* is,strict,kind,gentle,soft,0,Lenient ↔ strict.,WAEC/JAMB past (adapted)
english,English Language,ss2,general,Antonyms,2,The opposite of *barren* is,empty,hard,fertile,dry,2,Barren ↔ fertile.,WAEC/JAMB past (adapted)
english,English Language,ss2,general,Antonyms,3,The opposite of *laconic* is,talkative,brief,tired,lazy,0,Laconic (brief) ↔ talkative.,WAEC/JAMB past (adapted)
english,English Language,ss2,general,Antonyms,1,The opposite of *depart* is,leave,travel,arrive,stay,2,Depart ↔ arrive.,WAEC/JAMB past (adapted)
english,English Language,ss2,general,Antonyms,2,The opposite of *obsolete* is,old,broken,useless,current,3,Obsolete ↔ current/in use.,WAEC/JAMB past (adapted)
english,English Language,ss2,general,Idioms,2,'To let the cat out of the bag' means to,start a fight,reveal a secret,tell a lie,steal something,1,The idiom = reveal a secret.,WAEC/JAMB past (adapted)
english,English Language,ss2,general,Idioms,2,'To break the ice' means to,end a friendship,be very cold,start a conversation,damage something,2,Break the ice = start conversation.,WAEC/JAMB past (adapted)
english,English Language,ss2,general,Idioms,2,'A blessing in disguise' is something that,seems bad but turns out good,is expensive,is hidden,is holy,0,"Seemingly bad, actually good.",WAEC/JAMB past (adapted)
english,English Language,ss2,general,Idioms,2,'To be in hot water' means to be in,trouble,a bathroom,the sea,a hurry,0,In hot water = in trouble.,WAEC/JAMB past (adapted)
english,English Language,ss2,general,Idioms,2,'To hit the nail on the head' means to,be exactly right,miss the point,work hard,injure someone,0,The idiom = be exactly right.,WAEC/JAMB past (adapted)
english,English Language,ss2,general,Idioms,2,'To burn the midnight oil' means to,work late into the night,waste fuel,sleep early,celebrate,0,Midnight oil = late-night work.,WAEC/JAMB past (adapted)
english,English Language,ss2,general,Idioms,2,'Once in a blue moon' means,very rarely,regularly,every month,at night,0,Blue moon = very rarely.,WAEC/JAMB past (adapted)
english,English Language,ss2,general,Idioms,2,'To spill the beans' means to,cook badly,divulge information,waste food,share money,1,Spill the beans = reveal info.,WAEC/JAMB past (adapted)
english,English Language,ss2,general,Idioms,3,'To rest on one's laurels' means to,sleep well,rely on friends,retire early,be satisfied with past achievements,3,Rely on past glory.,WAEC/JAMB past (adapted)
english,English Language,ss2,general,Idioms,2,'A white elephant' is something that is,costly but useless,sacred,very large,rare and precious,0,White elephant = useless costly thing.,WAEC/JAMB past (adapted)
english,English Language,ss2,general,Idioms,2,'To play second fiddle' means to,take a subordinate role,cheat,lead others,play music,0,Second fiddle = subordinate role.,WAEC/JAMB past (adapted)
english,English Language,ss2,general,Idioms,3,'To bell the cat' means to,take a risky lead,warn someone,make noise,own a pet,0,Bell the cat = do a risky task first.,WAEC/JAMB past (adapted)
english,English Language,ss2,general,Idioms,2,'To make ends meet' means to,manage within one's income,tie a rope,join two things,finish a race,0,Balance income and expenses.,WAEC/JAMB past (adapted)
english,English Language,ss2,general,Idioms,2,'At the eleventh hour' means,at 11 a.m.,at the last moment,early,never,1,Eleventh hour = last moment.,WAEC/JAMB past (adapted)
english,English Language,ss2,general,Idioms,2,'To see eye to eye' means to,stare,agree,quarrel,compete,1,See eye to eye = agree.,WAEC/JAMB past (adapted)
english,English Language,ss2,general,Idioms,3,'To throw in the towel' means to,clean up,dry oneself,give up,fight on,2,Throw in the towel = surrender.,WAEC/JAMB past (adapted)
english,English Language,ss2,general,Idioms,2,'A snake in the grass' is,a hidden enemy,a farmer,a reptile expert,a coward,0,Snake in the grass = hidden traitor.,WAEC/JAMB past (adapted)
english,English Language,ss2,general,Idioms,2,'To be on cloud nine' means to be,sick,confused,high up,extremely happy,3,Cloud nine = great happiness.,WAEC/JAMB past (adapted)
english,English Language,ss2,general,Idioms,3,'To kill two birds with one stone' means to,waste effort,achieve two things at once,hunt well,be cruel,1,"One action, two results.",WAEC/JAMB past (adapted)
english,English Language,ss2,general,Idioms,2,'Out of the frying pan into the fire' describes,going from bad to worse,cooking accidents,hard work,escape from danger,0,Bad → worse.,WAEC/JAMB past (adapted)
english,English Language,ss2,general,Idioms,2,'To keep one's fingers crossed' means to,count,be nervous,make a sign,hope for the best,3,Fingers crossed = hope.,WAEC/JAMB past (adapted)
english,English Language,ss2,general,Idioms,3,'The ball is in your court' means,the game is over,you have won,it is your turn to act,you are in charge of sports,2,Your move/decision now.,WAEC/JAMB past (adapted)
english,English Language,ss2,general,Idioms,2,'To add fuel to the fire' means to,extinguish a quarrel,help cooks,make matters worse,be generous,2,Worsen a situation.,WAEC/JAMB past (adapted)
english,English Language,ss2,general,Idioms,2,'As easy as ABC' means,childish,written,very easy,alphabetical,2,Extremely easy.,WAEC/JAMB past (adapted)
english,English Language,ss2,general,Idioms,3,'To pull one's leg' means to,delay someone,help someone walk,injure someone,tease someone,3,Play a joke on someone.,WAEC/JAMB past (adapted)
english,English Language,ss2,general,Grammar,1,Choose the correct sentence,She have gone home,She has went home,She has gone home,She has go home,2,Present perfect: has + gone.,WAEC/JAMB past (adapted)
english,English Language,ss2,general,Grammar,1,Neither of the boys ___ his book,has brought,are bringing,were bringing,have brought,0,'Neither' takes a singular verb.,WAEC/JAMB past (adapted)
english,English Language,ss2,general,Grammar,2,One of the students ___ absent today,were,have been,are,is,3,'One of + plural' takes singular verb.,WAEC/JAMB past (adapted)
english,English Language,ss2,general,Grammar,2,"The manager, together with his staff, ___ arriving",are,were,is,have been,2,'Together with' does not change the verb.,WAEC/JAMB past (adapted)
english,English Language,ss2,general,Grammar,1,I have been waiting ___ two hours,for,during,since,from,0,'For' + duration.,WAEC/JAMB past (adapted)
english,English Language,ss2,general,Grammar,1,She has lived here ___ 2015,since,from,by,for,0,'Since' + point in time.,WAEC/JAMB past (adapted)
english,English Language,ss2,general,Grammar,2,"If I ___ you, I would apologise",be,am,was,were,3,Subjunctive: If I were.,WAEC/JAMB past (adapted)
english,English Language,ss2,general,Grammar,2,He insisted ___ paying the bill,for,at,on,with,2,Insist + on.,WAEC/JAMB past (adapted)
english,English Language,ss2,general,Grammar,2,She is good ___ mathematics,with,at,on,in,1,Good + at.,WAEC/JAMB past (adapted)
english,English Language,ss2,general,Grammar,2,The teacher was angry ___ the noise,on,about,for,from,1,Angry + about something.,WAEC/JAMB past (adapted)
english,English Language,ss2,general,Grammar,1,This book is ___ interesting than that one,more,very,much,most,0,Comparative: more + long adjective.,WAEC/JAMB past (adapted)
english,English Language,ss2,general,Grammar,2,He is the ___ of the two boys,tall,tallest,taller,most tall,2,Comparative for two.,WAEC/JAMB past (adapted)
english,English Language,ss2,general,Grammar,2,"By next year, they ___ the project",will have completed,will completed,complete,have completed,0,Future perfect for completion by a future time.,WAEC/JAMB past (adapted)
english,English Language,ss2,general,Grammar,1,There ___ many people at the party,were,was,is,has been,0,Plural subject 'people' → were.,WAEC/JAMB past (adapted)
english,English Language,ss2,general,Grammar,2,Neither James nor his friends ___ coming,has,is,are,was,2,Verb agrees with the nearer subject 'friends'.,WAEC/JAMB past (adapted)
english,English Language,ss2,general,Grammar,2,Hardly had he sat down ___ the phone rang,that,then,when,than,2,Hardly ... when.,WAEC/JAMB past (adapted)
english,English Language,ss2,general,Grammar,3,No sooner had she left ___ it started to rain,that,when,than,then,2,No sooner ... than.,WAEC/JAMB past (adapted)
english,English Language,ss2,general,Grammar,1,Each of the girls ___ a pen,were having,have,has,are having,2,'Each' is singular.,WAEC/JAMB past (adapted)
english,English Language,ss2,general,Grammar,2,The news ___ very encouraging,have been,were,are,is,3,'News' is uncountable/singular.,WAEC/JAMB past (adapted)
english,English Language,ss2,general,Grammar,2,He would rather ___ at home,to stay,stay,staying,stayed,1,Would rather + bare infinitive.,WAEC/JAMB past (adapted)
english,English Language,ss2,general,Grammar,2,It is high time we ___ home,go,will go,went,are going,2,'High time' + past subjunctive.,WAEC/JAMB past (adapted)
english,English Language,ss2,general,Grammar,1,My father ___ to work every day,is drive,drive,drives,driving,2,Habit: simple present -s.,WAEC/JAMB past (adapted)
english,English Language,ss2,general,Grammar,2,She denied ___ the money,stolen,to steal,steal,stealing,3,Deny + gerund.,WAEC/JAMB past (adapted)
english,English Language,ss2,general,Grammar,2,They look forward to ___ from you,be hearing,hearing,hear,heard,1,Look forward to + gerund.,WAEC/JAMB past (adapted)
english,English Language,ss2,general,Grammar,1,The children ___ playing football now,was,be,are,is,2,Plural + continuous: are.,WAEC/JAMB past (adapted)
english,English Language,ss2,general,Sounds,2,Which word contains the same vowel sound as in 'seat'?,sat,meat,set,sit,1,'Seat' and 'meat' share /iː/.,WAEC/JAMB past (adapted)
english,English Language,ss2,general,Sounds,2,Which word has the same vowel sound as 'hat'?,heart,hut,hate,cat,3,/æ/ as in cat.,WAEC/JAMB past (adapted)
english,English Language,ss2,general,Sounds,2,Which word has a different vowel sound from the others?,food,mood,good,rude,2,"'Good' has /ʊ/, others /uː/.",WAEC/JAMB past (adapted)
english,English Language,ss2,general,Sounds,2,The 'ea' in 'bread' sounds the same as in,beard,bead,head,bear,2,'Bread' and 'head' share /e/.,WAEC/JAMB past (adapted)
english,English Language,ss2,general,Sounds,2,Which word ends with a /s/ sound?,chairs,cats,leaves,dogs,1,Plural after voiceless /t/ = /s/; after voiced sounds = /z/.,WAEC/JAMB past (adapted)
english,English Language,ss2,general,Sounds,3,The consonant sound in 'sing' is,/ŋ/,/ng/,/g/,/n/,0,Velar nasal /ŋ/.,WAEC/JAMB past (adapted)
english,English Language,ss2,general,Sounds,2,Which of these begins with a vowel sound?,hotel,house,hour,huge,2,'Hour' begins with a vowel sound /aʊ/.,WAEC/JAMB past (adapted)
english,English Language,ss2,general,Sounds,2,Which word begins with a consonant sound?,uncle,umbrella,under,university,3,'University' begins /juː/ — consonant sound.,WAEC/JAMB past (adapted)
english,English Language,ss2,general,Sounds,2,The vowel sound in 'bird' is,/ɜː/,/ɪə/,/eə/,/ɔː/,0,/ɜː/ as in bird.,WAEC/JAMB past (adapted)
english,English Language,ss2,general,Sounds,3,How many consonant sounds are in 'stretch'?,7,4,5,6,2,/s t r e t ʃ/ — 5 consonants.,WAEC/JAMB past (adapted)
english,English Language,ss2,general,Sounds,2,Which word has the /eɪ/ sound?,car,cake,cat,cough,1,Cake = /keɪk/.,WAEC/JAMB past (adapted)
english,English Language,ss2,general,Sounds,2,Which word has the /aʊ/ sound?,low,coat,cow,law,2,Cow = /kaʊ/.,WAEC/JAMB past (adapted)
english,English Language,ss2,general,Sounds,2,The 'ch' in 'chemistry' is pronounced as,/k/,/tʃ/,/x/,/ʃ/,0,Chemistry: /k/ (like school).,WAEC/JAMB past (adapted)
english,English Language,ss2,general,Sounds,3,The word with silent letters is,swarm,sword,swore,sworn,1,'Sword' — the 'w' is silent.,WAEC/JAMB past (adapted)
english,English Language,ss2,general,Sounds,2,In which word does the stress fall on the second syllable?,belly,believe,beacon,bellow,1,be-LIEVE — second-syllable stress.,WAEC/JAMB past (adapted)
english,English Language,ss2,general,Lexis and Structure,2,The doctor prescribed ___ for the malaria,drills,drags,drugs,drafts,2,Medicines = drugs.,WAEC/JAMB past (adapted)
english,English Language,ss2,general,Lexis and Structure,2,The courtroom was occupied by the ___ and the accused,witness,clerk,gate-man,magistrate,3,The magistrate presides.,WAEC/JAMB past (adapted)
english,English Language,ss2,general,Lexis and Structure,2,"In a library, books are arranged on",stores,shelves,slabs,stands,1,Library shelves.,WAEC/JAMB past (adapted)
english,English Language,ss2,general,Lexis and Structure,2,The tailor asked for my ___ before sewing,payments,arguments,measurements,achievements,2,Body measurements.,WAEC/JAMB past (adapted)
english,English Language,ss2,general,Lexis and Structure,2,Farmers store grain in a,silo,wardrobe,garage,cellar,0,Grain silo.,WAEC/JAMB past (adapted)
english,English Language,ss2,general,Lexis and Structure,3,A person who studies rocks is a,biologist,zoologist,geologist,anthropologist,2,Geology = study of rocks.,WAEC/JAMB past (adapted)
english,English Language,ss2,general,Lexis and Structure,2,The pilot landed the ___ safely,airtime,airfield,aircraft,airport,2,Aircraft is flown/landed.,WAEC/JAMB past (adapted)
english,English Language,ss2,general,Lexis and Structure,2,Bees are kept in an,aquarium,aviary,apiary,arboretum,2,Apiary — bee house.,WAEC/JAMB past (adapted)
english,English Language,ss2,general,Lexis and Structure,3,Birds are kept in an,kennel,aquarium,aviary,apiary,2,Aviary — bird enclosure.,WAEC/JAMB past (adapted)
english,English Language,ss2,general,Lexis and Structure,2,The jury delivered its ___ after three hours,voice,version,verdict,venue,2,Verdict = decision.,WAEC/JAMB past (adapted)
english,English Language,ss2,general,Lexis and Structure,2,The soldier was court-martialled for ___ of duty,dereliction,description,delusion,delegation,0,Dereliction of duty.,WAEC/JAMB past (adapted)
english,English Language,ss2,general,Lexis and Structure,3,A speech made without preparation is,exhaustive,excerpt,expert,extempore,3,Extempore/impromptu.,WAEC/JAMB past (adapted)
english,English Language,ss2,general,Lexis and Structure,2,The ___ of the company meets quarterly,bored,board,broad,aboard,1,Board of directors.,WAEC/JAMB past (adapted)
english,English Language,ss2,general,Lexis and Structure,2,Nigeria's currency is issued by the,Central Bank,Commercial Bank,Ministry of Finance,Stock Exchange,0,CBN issues currency.,WAEC/JAMB past (adapted)
english,English Language,ss2,general,Lexis and Structure,2,The chief ___ the oath of office at the ceremony,took,gave,did,made,0,Take an oath.,WAEC/JAMB past (adapted)
biology,Biology,ss1,science,Cell Structure,1,The powerhouse of the cell is the,vacuole,nucleus,ribosome,mitochondrion,3,Mitochondria make ATP.,JAMB past (adapted)
biology,Biology,ss1,science,Cell Structure,1,Which organelle is the site of protein synthesis?,Ribosome,Lysosome,Tonoplast,Centrosome,0,Ribosomes translate mRNA.,JAMB past (adapted)
biology,Biology,ss2,science,Cell Structure,2,The cell wall is found mainly in,bacteria only,animal cells,plant cells,both equally,2,Cellulose cell wall — plants.,JAMB past (adapted)
biology,Biology,ss2,science,Cell Structure,2,Which structure controls all cell activities?,Cell membrane,Golgi body,Nucleus,Cytoplasm,2,Nucleus holds DNA.,JAMB past (adapted)
biology,Biology,ss2,science,Cell Structure,2,Lysosomes contain,digestive enzymes,respiratory enzymes,hormones,pigments,0,Lysosomes digest waste.,JAMB past (adapted)
biology,Biology,ss3,science,Cell Structure,3,The organelle that packages and secretes cell products is the,ribosome,Golgi apparatus,mitochondrion,nucleolus,1,Golgi = packaging centre.,JAMB past (adapted)
biology,Biology,ss1,science,Photosynthesis,1,The equation of photosynthesis shows that plants take in,nitrogen and water,oxygen and water,carbon dioxide and oxygen,carbon dioxide and water,3,CO₂ + H₂O → glucose + O₂.,JAMB past (adapted)
biology,Biology,ss2,science,Photosynthesis,2,The green pigment for photosynthesis is,chlorophyll,melanin,carotene,haemoglobin,0,Chlorophyll traps light.,JAMB past (adapted)
biology,Biology,ss2,science,Photosynthesis,2,Photosynthesis mainly occurs in the,roots,stem bark,leaves,flowers,2,Leaves are the photosynthetic organ.,JAMB past (adapted)
biology,Biology,ss3,science,Photosynthesis,3,Which gas is released during photosynthesis?,Carbon dioxide,Oxygen,Hydrogen,Nitrogen,1,O₂ is the by-product.,JAMB past (adapted)
biology,Biology,ss3,science,Photosynthesis,3,The first stable product of carbon fixation in C3 plants is,RuBP,glucose,PGA,starch,2,3-phosphoglyceric acid.,JAMB past (adapted)
biology,Biology,ss1,science,Respiration,1,The end products of anaerobic respiration in yeast are ethanol and,water,carbon dioxide,lactic acid,oxygen,1,Yeast: ethanol + CO₂.,JAMB past (adapted)
biology,Biology,ss2,science,Respiration,2,"In man, anaerobic respiration produces",acetic acid,ethanol,lactic acid,pyruvic acid only,2,Muscles make lactic acid.,JAMB past (adapted)
biology,Biology,ss1,science,Respiration,1,The exchange of gases in mammals takes place in the,diaphragm,bronchi,alveoli,trachea,2,Alveoli are the gas exchange surface.,JAMB past (adapted)
biology,Biology,ss2,science,Respiration,2,Which structure prevents food entering the trachea?,Larynx,Epiglottis,Glottis,Pharynx,1,Epiglottis covers the trachea.,JAMB past (adapted)
biology,Biology,ss3,science,Respiration,3,Gill filaments in fish are richly supplied with blood to increase,swimming speed,buoyancy,excretion,gaseous exchange surface,3,Rich blood supply aids exchange.,JAMB past (adapted)
biology,Biology,ss1,science,Nutrition,1,The test for reducing sugar is,Biuret test,Iodine test,Benedict's test,Millon's test,2,Benedict's → orange precipitate.,JAMB past (adapted)
biology,Biology,ss1,science,Nutrition,1,Iodine solution turns blue-black in the presence of,protein,starch,fat,glucose,1,Starch + iodine = blue-black.,JAMB past (adapted)
biology,Biology,ss2,science,Nutrition,2,Proteins are digested finally into,glycerol,amino acids,glucose,fatty acids,1,Proteins → amino acids.,JAMB past (adapted)
biology,Biology,ss2,science,Nutrition,2,Vitamin C deficiency causes,night blindness,beri-beri,scurvy,rickets,2,Scurvy = vitamin C lack.,JAMB past (adapted)
biology,Biology,ss2,science,Nutrition,2,Vitamin D deficiency leads to,pellagra,rickets,goitre,scurvy,1,Rickets — soft bones.,JAMB past (adapted)
biology,Biology,ss3,science,Nutrition,3,Iron deficiency in man results in,anaemia,rickets,goitre,kwashiorkor,0,Iron is needed for haemoglobin.,JAMB past (adapted)
biology,Biology,ss2,science,Nutrition,2,Which enzyme acts on starch in the mouth?,Pepsin,Lipase,Trypsin,Ptyalin,3,Salivary amylase = ptyalin.,JAMB past (adapted)
biology,Biology,ss1,science,Transport System,1,The blood cells that transport oxygen are the,plasma cells,white blood cells,red blood cells,platelets,2,RBCs carry oxygen on haemoglobin.,JAMB past (adapted)
biology,Biology,ss2,science,Transport System,2,The blood vessels that carry blood away from the heart are the,veins,capillaries,venules,arteries,3,Arteries carry blood away.,JAMB past (adapted)
biology,Biology,ss2,science,Transport System,2,"In flowering plants, food is transported mainly through the",phloem,cortex,cambium,xylem,0,Phloem translocates food.,JAMB past (adapted)
biology,Biology,ss2,science,Transport System,2,Water moves up a plant mainly through the,xylem,epidermis,pith,phloem,0,Xylem carries water/minerals.,JAMB past (adapted)
biology,Biology,ss3,science,Transport System,3,The normal human heart has how many chambers?,2,3,4,6,2,Two atria + two ventricles.,JAMB past (adapted)
biology,Biology,ss3,science,Transport System,3,Transpiration mainly occurs through the,stomata,xylem,lenticels only,root hairs,0,Stomatal transpiration is chief.,JAMB past (adapted)
biology,Biology,ss1,science,Excretion,1,The excretory organ of mammals is the,skin,liver,kidney,lung,2,"Kidneys excrete urea (all listed excrete, but kidney is THE organ).",JAMB past (adapted)
biology,Biology,ss2,science,Excretion,2,The basic unit of the kidney is the,neurone,nephron,villus,alveolus,1,Nephron = kidney unit.,JAMB past (adapted)
biology,Biology,ss2,science,Excretion,2,The excretory product of the liver is,urea only,bile pigments,carbon dioxide,sweat,1,Liver breaks haemoglobin → bile pigments.,JAMB past (adapted)
biology,Biology,ss3,science,Excretion,3,"In insects, excretion is carried out by the",Malpighian tubules,flame cells,nephridia,kidneys,0,Malpighian tubules — insects.,JAMB past (adapted)
biology,Biology,ss3,science,Excretion,3,Flame cells are excretory structures of,fishes,insects,birds,flatworms,3,Planaria — flame cells.,JAMB past (adapted)
biology,Biology,ss1,science,Reproduction,1,Pollination is the transfer of pollen from anther to,ovary,stigma,sepal,style,1,Pollen lands on stigma.,JAMB past (adapted)
biology,Biology,ss2,science,Reproduction,2,Fertilisation in flowering plants occurs in the,stigma,petal,anther,ovule,3,Ovule holds the egg cell.,JAMB past (adapted)
biology,Biology,ss2,science,Reproduction,2,The male gamete in flowering plants is contained in the,pollen grain,ovule,embryo sac,nucellus,0,Pollen carries the male nucleus.,JAMB past (adapted)
biology,Biology,ss1,science,Reproduction,1,External fertilisation is common in,mammals,reptiles,birds,fishes,3,Fish spawn in water.,JAMB past (adapted)
biology,Biology,ss3,science,Reproduction,3,The placenta connects the,foetus to the mother's uterus,embryo to the shell,uterus to the vagina,ovary to the oviduct,0,Placenta = foetal-maternal interface.,JAMB past (adapted)
biology,Biology,ss2,science,Reproduction,2,Binary fission is a form of reproduction in,houseflies,earthworms,Amoeba,snails,2,Amoeba splits in two.,JAMB past (adapted)
biology,Biology,ss2,science,Genetics,2,The physical expression of a gene is the,genotype,allele,gamete,phenotype,3,Phenotype = outward appearance.,JAMB past (adapted)
biology,Biology,ss2,science,Genetics,2,A cross between a pure tall (TT) and a pure short (tt) pea plant gives,"half tall, half short",all tall offspring,medium-height offspring,all short offspring,1,Tt × 100% = all tall (T dominant).,JAMB past (adapted)
biology,Biology,ss3,science,Genetics,3,The F2 phenotypic ratio of a monohybrid cross is,1:2:1,9:3:3:1,3:1,1:1,2,Monohybrid F2 = 3 tall : 1 short.,JAMB past (adapted)
biology,Biology,ss3,science,Genetics,3,A dihybrid cross F2 ratio is,9:3:3:1,12:3:1,3:1,1:2:1,0,Two genes → 9:3:3:1.,JAMB past (adapted)
biology,Biology,ss3,science,Genetics,3,The genetic make-up of an organism is its,phenotype,karyotype,prototype,genotype,3,Genotype = allele combination.,JAMB past (adapted)
biology,Biology,ss2,science,Genetics,2,Characteristics acquired by an organism during its lifetime are,sometimes inherited,inherited only by plants,always inherited,not inherited,3,Acquired traits are not passed on.,JAMB past (adapted)
biology,Biology,ss1,science,Ecology,1,Green plants in a food chain are called,consumers,parasites,producers,decomposers,2,Producers fix energy.,JAMB past (adapted)
biology,Biology,ss1,science,Ecology,1,Organisms that break down dead matter are,carnivores,decomposers,herbivores,producers,1,Bacteria/fungi decompose.,JAMB past (adapted)
biology,Biology,ss2,science,Ecology,2,The natural home of an organism is its,niche,population,biome,habitat,3,Habitat = where it lives.,JAMB past (adapted)
biology,Biology,ss2,science,Ecology,2,Symbiosis where both organisms benefit is,commensalism,parasitism,mutualism,predation,2,Mutual benefit = mutualism.,JAMB past (adapted)
biology,Biology,ss3,science,Ecology,3,The total dry weight of organisms at a trophic level is,yield,productivity,biomass,standing crop,3,Biomass at a trophic level.,JAMB past (adapted)
biology,Biology,ss2,science,Ecology,2,The carbon cycle returns carbon dioxide to the air mainly through,nitrogen fixation,photosynthesis,respiration and combustion,erosion,2,Respiration/burning release CO₂.,JAMB past (adapted)
biology,Biology,ss3,science,Ecology,3,Eutrophication of lakes is caused mainly by excess,carbon dioxide,salt,nitrates and phosphates,oxygen,2,Fertilizer runoff → algal bloom.,JAMB past (adapted)
biology,Biology,ss1,science,Nervous Coordination,1,The basic unit of the nervous system is the,dendrite,nephron,axon,neurone,3,Neurone = nerve cell.,JAMB past (adapted)
biology,Biology,ss2,science,Nervous Coordination,2,Reflex actions are controlled by the,spinal cord,medulla,cerebellum,cerebrum,0,Reflex arc via spinal cord.,JAMB past (adapted)
biology,Biology,ss2,science,Nervous Coordination,2,The part of the brain for balance and posture is the,hypothalamus,medulla oblongata,cerebrum,cerebellum,3,Cerebellum coordinates movement.,JAMB past (adapted)
biology,Biology,ss3,science,Nervous Coordination,3,Which hormone lowers blood sugar?,Adrenaline,Insulin,Thyroxine,Glucagon,1,Insulin from β-cells.,JAMB past (adapted)
biology,Biology,ss2,science,Nervous Coordination,2,The sense organ for hearing and balance is the,skin,ear,nose,eye,1,Ear — cochlea + vestibular.,JAMB past (adapted)
biology,Biology,ss1,science,Diversity,1,Organisms that make their own food are called,autotrophs,saprophytes,parasites,heterotrophs,0,Auto = self-feeding.,JAMB past (adapted)
biology,Biology,ss2,science,Diversity,2,Malaria is caused by,Anopheles mosquito,Plasmodium,Entamoeba,Trypanosoma,1,Mosquito transmits; Plasmodium causes.,JAMB past (adapted)
biology,Biology,ss2,science,Diversity,2,Bacteria that live in root nodules of legumes,cause diseases,fix nitrogen,make food,store starch,1,Rhizobium fixes N₂.,JAMB past (adapted)
biology,Biology,ss3,science,Diversity,3,Which group of organisms has chitinous cell walls?,Viruses,Bacteria,Algae,Fungi,3,Fungal walls are chitin.,JAMB past (adapted)
biology,Biology,ss2,science,Diversity,2,HIV attacks mainly the,red blood cells,platelets,liver cells,T-lymphocytes,3,HIV destroys helper T-cells.,JAMB past (adapted)
biology,Biology,ss2,science,Adaptation,2,The long neck of the giraffe is an adaptation for,fighting,seeing far,running fast,browsing tall trees,3,Feeding high in trees.,JAMB past (adapted)
biology,Biology,ss3,science,Adaptation,3,Succulent leaves of desert plants store,water,oil,starch,salt,0,Xerophytic adaptation.,JAMB past (adapted)
chemistry,Chemistry,ss1,science,Particulate Nature,1,The smallest particle of an element that can take part in a chemical reaction is the,ion,atom,molecule,electron,1,Atom = basic reacting unit.,JAMB past (adapted)
chemistry,Chemistry,ss1,science,Particulate Nature,1,An atom of an element is identified by its number of,neutrons,nucleons,electrons,protons,3,Atomic number = protons.,JAMB past (adapted)
chemistry,Chemistry,ss2,science,Particulate Nature,2,Isotopes of an element have the same number of protons but different numbers of,neutrons,ions,shells,electrons,0,Mass number differs.,JAMB past (adapted)
chemistry,Chemistry,ss2,science,Particulate Nature,2,The sub-atomic particle with a negative charge is the,proton,positron,neutron,electron,3,Electron is negative.,JAMB past (adapted)
chemistry,Chemistry,ss3,science,Particulate Nature,3,"An atom with electron configuration 2,8,7 belongs to Group",I,V,II,VII,3,7 outer electrons → halogens.,JAMB past (adapted)
chemistry,Chemistry,ss2,science,Periodic Chemistry,2,Elements in the same group of the periodic table have the same number of,protons,shells,neutrons,outermost electrons,3,Group number = outer electrons.,JAMB past (adapted)
chemistry,Chemistry,ss2,science,Periodic Chemistry,2,"Across a period, atomic radii",stay constant,double,decrease,increase,2,Higher nuclear charge pulls electrons in.,JAMB past (adapted)
chemistry,Chemistry,ss2,science,Periodic Chemistry,2,The most reactive non-metal group is,Group 0,Group I,Group VII,Group II,2,Halogens are most reactive non-metals.,JAMB past (adapted)
chemistry,Chemistry,ss3,science,Periodic Chemistry,3,Group I metals are stored under oil because they,react vigorously with water and air,evaporate quickly,are radioactive,melt easily,0,Na/K tarnish and react with moisture.,JAMB past (adapted)
chemistry,Chemistry,ss2,science,Periodic Chemistry,2,Noble gases are unreactive because they,are gases,are heavy,have complete outer shells,have no nucleus,2,Full outer shell = stable.,JAMB past (adapted)
chemistry,Chemistry,ss1,science,Chemical Bonds,1,The bond in NaCl is,hydrogen,metallic,ionic,covalent,2,Metal + non-metal → ionic.,JAMB past (adapted)
chemistry,Chemistry,ss1,science,Chemical Bonds,1,The bond in N₂ molecule is,metallic,covalent,dative,ionic,1,Non-metals share electrons.,JAMB past (adapted)
chemistry,Chemistry,ss2,science,Chemical Bonds,2,Which compound has a giant covalent structure?,Diamond,Ice,Sodium chloride,Copper,0,Diamond = carbon network.,JAMB past (adapted)
chemistry,Chemistry,ss3,science,Chemical Bonds,3,"Ammonium ion, NH₄⁺, contains a",van der Waals bond,metallic bond,double bond,dative (coordinate) bond,3,N→H donated pair.,JAMB past (adapted)
chemistry,Chemistry,ss2,science,Stoichiometry,2,The relative atomic mass of carbon is 12. One mole of carbon contains,6.0 × 10²³ atoms,6 atoms,1 atom,12 × 10²³ atoms,0,Avogadro's number of atoms.,JAMB past (adapted)
chemistry,Chemistry,ss3,science,Stoichiometry,3,"What mass of MgO is formed when 12 g of Mg burns completely in oxygen? (Mg = 24, O = 16)",28 g,40 g,20 g,12 g,2,½ mol Mg → ½ × 40 = 20 g.,JAMB past (adapted)
chemistry,Chemistry,ss3,science,Stoichiometry,3,"How many moles are in 44 g of CO₂? (C = 12, O = 16)",2,0.5,1,4,2,Molar mass 44 → 1 mol.,JAMB past (adapted)
chemistry,Chemistry,ss2,science,Stoichiometry,2,The number of molecules in one mole of any gas at s.t.p. is,6.0 × 10²³,22 400,6.0 × 10⁻²³,24 000,0,Avogadro constant.,JAMB past (adapted)
chemistry,Chemistry,ss1,science,States of Matter,1,The change of state from gas to liquid is called,evaporation,freezing,condensation,sublimation,2,Gas → liquid = condensation.,JAMB past (adapted)
chemistry,Chemistry,ss2,science,States of Matter,2,Diffusion is fastest in,liquids,all the same,gases,solids,2,Gas particles move freely.,JAMB past (adapted)
chemistry,Chemistry,ss3,science,States of Matter,3,Sublimation is the change from,liquid to gas,solid to liquid,gas to solid only,solid directly to gas,3,"e.g. iodine, dry ice.",JAMB past (adapted)
chemistry,Chemistry,ss1,science,Acids and Bases,1,The pH of a neutral solution at 25°C is,7,1,0,14,0,pH 7 = neutral.,JAMB past (adapted)
chemistry,Chemistry,ss1,science,Acids and Bases,1,Which is a characteristic acid reaction?,Turns blue litmus red,Has no taste reaction,Feels soapy,Turns red litmus blue,0,Acids → blue to red.,JAMB past (adapted)
chemistry,Chemistry,ss2,science,Acids and Bases,2,An acid that is also an oxidising agent is,H₂CO₃,HCl,HNO₃,CH₃COOH,2,Conc. HNO₃ oxidises.,JAMB past (adapted)
chemistry,Chemistry,ss2,science,Acids and Bases,2,The salt formed when HCl reacts with NaOH is,Na₂Cl,NaHCl,NaCl,NaOHCl,2,HCl + NaOH → NaCl + H₂O.,JAMB past (adapted)
chemistry,Chemistry,ss3,science,Acids and Bases,3,A deliquescent substance,sublimes,remains dry,loses water to the air,absorbs moisture and dissolves,3,"e.g. NaOH, CaCl₂.",JAMB past (adapted)
chemistry,Chemistry,ss2,science,Electrolysis,2,"During electrolysis, reduction occurs at the",battery,cathode,anode,electrolyte,1,Cathode — gain of electrons.,JAMB past (adapted)
chemistry,Chemistry,ss2,science,Electrolysis,2,"In the electrolysis of molten NaCl, the product at the cathode is",chlorine,sodium,hydrogen,oxygen,1,Na⁺ + e⁻ → Na.,JAMB past (adapted)
chemistry,Chemistry,ss3,science,Electrolysis,3,"In dilute H₂SO₄ electrolysis with platinum electrodes, the anode product is",sulphur,sulphur dioxide,hydrogen,oxygen,3,OH⁻ discharges → O₂.,JAMB past (adapted)
chemistry,Chemistry,ss3,science,Electrolysis,3,The electroplating of a spoon with silver makes the spoon the,anode,electrolyte,cathode,salt bridge,2,Deposition happens at cathode.,JAMB past (adapted)
chemistry,Chemistry,ss2,science,Rates & Equilibrium,2,Increasing temperature increases reaction rate mainly because particles,become lighter,collide more often with greater energy,slow down,get bigger,1,More energetic collisions.,JAMB past (adapted)
chemistry,Chemistry,ss2,science,Rates & Equilibrium,2,A catalyst changes reaction rate by changing the,product mass,enthalpy change,equilibrium position only,activation energy path,3,Catalysts offer a lower-Ea route.,JAMB past (adapted)
chemistry,Chemistry,ss3,science,Rates & Equilibrium,3,"For an exothermic reaction at equilibrium, raising the temperature shifts equilibrium",nowhere,towards the products,to the gas side always,towards the reactants,3,Le Chatelier — heat is a product.,JAMB past (adapted)
chemistry,Chemistry,ss3,science,Rates & Equilibrium,3,Increasing pressure on the equilibrium N₂ + 3H₂ ⇌ 2NH₃ shifts it,"left, to more gas moles","right, to fewer gas moles",depends on catalyst,no shift,1,4 mol gas → 2 mol gas.,JAMB past (adapted)
chemistry,Chemistry,ss1,science,Metals,1,The most abundant metal in the earth's crust is,aluminium,calcium,iron,sodium,0,Al is most abundant metal.,JAMB past (adapted)
chemistry,Chemistry,ss2,science,Metals,2,Iron is extracted from its ore in the,bessemer converter only,open hearth,blast furnace,electric furnace,2,Haematite + coke in blast furnace.,JAMB past (adapted)
chemistry,Chemistry,ss2,science,Metals,2,Rusting of iron requires both,oxygen and salt only,oxygen and water,water and oil,nitrogen and water,1,Air + moisture rust iron.,JAMB past (adapted)
chemistry,Chemistry,ss2,science,Metals,2,The metal that is liquid at room temperature is,sodium,lead,zinc,mercury,3,Hg melts at −39°C.,JAMB past (adapted)
chemistry,Chemistry,ss2,science,Non-metals,2,The gas that turns limewater milky is,carbon dioxide,nitrogen,oxygen,hydrogen,0,CO₂ + Ca(OH)₂ → CaCO₃.,JAMB past (adapted)
chemistry,Chemistry,ss2,science,Non-metals,2,Hydrogen burns in air with a,brick-red flame,green flame,pale blue flame,yellow smoky flame,2,H₂ burns with a pale blue flame.,JAMB past (adapted)
chemistry,Chemistry,ss1,science,Organic Chemistry,1,The general formula of alkanes is,CₙH₂ₙ₊₁,CₙH₂ₙ₊₂,CₙH₂ₙ,CₙH₂ₙ₋₂,1,Saturated — single bonds.,JAMB past (adapted)
chemistry,Chemistry,ss1,science,Organic Chemistry,1,The functional group of alcohols is,–OH,–NH₂,–COOH,–CHO,0,Hydroxyl group.,JAMB past (adapted)
chemistry,Chemistry,ss2,science,Organic Chemistry,2,The functional group of carboxylic acids is,–CO–,–COOH,–O–,–OH,1,Carboxyl group.,JAMB past (adapted)
chemistry,Chemistry,ss2,science,Organic Chemistry,2,Ethanol can be oxidised to,ethene,ethane,ethanoic acid,ethanal only,2,Alcohol → acid.,JAMB past (adapted)
chemistry,Chemistry,ss2,science,Organic Chemistry,2,The simplest alkene is,ethyne,ethene,propene,methene,1,C₂H₄ — no methene.,JAMB past (adapted)
chemistry,Chemistry,ss3,science,Organic Chemistry,3,Isomers have the same molecular formula but different,elements,structural formulae,states,mass numbers,1,Definition of isomerism.,JAMB past (adapted)
chemistry,Chemistry,ss3,science,Organic Chemistry,3,Which hydrocarbon is used mainly as a fuel gas (cooking)?,Methanol,Butane/propane (LPG),Benzene,Naphthalene,1,LPG = propane + butane.,JAMB past (adapted)
chemistry,Chemistry,ss1,science,Water & Solutions,1,Temporary hardness of water is caused by,nitrates of NH₄,sulphates of Na,chlorides of K,hydrogencarbonates of Ca/Mg,3,Removed by boiling.,JAMB past (adapted)
chemistry,Chemistry,ss2,science,Water & Solutions,2,Boiling removes,all hardness,no hardness,permanent hardness,temporary hardness,3,Ca(HCO₃)₂ → CaCO₃ ↓.,JAMB past (adapted)
chemistry,Chemistry,ss2,science,Water & Solutions,2,Permanent hardness is removed by,freezing,boiling,filtering,washing soda (Na₂CO₃),3,Na₂CO₃ precipitates CaCO₃.,JAMB past (adapted)
chemistry,Chemistry,ss1,science,Air & Pollution,1,The approximate percentage of oxygen in air is,1%,78%,21%,50%,2,"Air: N₂ 78%, O₂ 21%.",JAMB past (adapted)
chemistry,Chemistry,ss2,science,Air & Pollution,2,The gas mainly responsible for the greenhouse effect increase is,N₂,H₂,CO₂,O₂,2,Carbon dioxide traps heat.,JAMB past (adapted)
chemistry,Chemistry,ss2,science,Air & Pollution,2,Which pollutant causes acid rain?,He,SO₂,N₂,O₂,1,SO₂ → H₂SO₄ in rain.,JAMB past (adapted)
chemistry,Chemistry,ss3,science,Air & Pollution,3,Chlorofluorocarbons damage the,troposphere,hydrosphere only,ozone layer,lithosphere,2,CFCs deplete ozone.,JAMB past (adapted)
physics,Physics,ss1,science,Measurement,1,The SI unit of force is the,newton,pascal,watt,joule,0,1 N = 1 kg·m/s².,JAMB past (adapted)
physics,Physics,ss1,science,Measurement,1,The SI unit of power is the,joule,newton,ohm,watt,3,1 W = 1 J/s.,JAMB past (adapted)
physics,Physics,ss2,science,Measurement,2,Atmospheric pressure is measured with a,ammeter,hydrometer,manometer,barometer,3,Barometer — atmospheric pressure.,JAMB past (adapted)
physics,Physics,ss2,science,Measurement,2,A spring balance measures,volume,mass,weight,density,2,Spring balance → force/weight.,JAMB past (adapted)
physics,Physics,ss3,science,Measurement,3,The dimensions of pressure are,MLT⁻²,ML⁻¹T⁻²,ML²T⁻²,ML⁻³,1,Force/area = ML⁻¹T⁻².,JAMB past (adapted)
physics,Physics,ss1,science,Motion,1,The unit of acceleration is,m/s,m/s²,ms,s/m,1,Acceleration = velocity change per second.,JAMB past (adapted)
physics,Physics,ss2,science,Motion,2,A body starts from rest and accelerates at 4 m/s² for 3 s. Its final velocity is,48 m/s,12 m/s,1.33 m/s,7 m/s,1,v = u + at = 4 × 3.,JAMB past (adapted)
physics,Physics,ss2,science,Motion,2,The distance travelled in 5 s at a steady 20 m/s is,100 m,4 m,200 m,25 m,0,s = vt = 20 × 5.,JAMB past (adapted)
physics,Physics,ss2,science,Motion,2,A car decelerates uniformly from 30 m/s to rest in 10 s. Its deceleration is,300 m/s²,0.33 m/s²,3 m/s²,20 m/s²,2,a = (0 − 30)/10 = −3 m/s².,JAMB past (adapted)
physics,Physics,ss3,science,Motion,3,A projectile's maximum height depends on,vertical component of launch velocity,its colour,air pressure only,its mass,0,H = u²sin²θ/2g.,JAMB past (adapted)
physics,Physics,ss3,science,Motion,3,Newton's first law is also called the law of,inertia,momentum,gravitation,action-reaction,0,First law = inertia.,JAMB past (adapted)
physics,Physics,ss2,science,Motion,2,The momentum of a 4 kg body moving at 5 m/s is,45 kg·m/s,1.25 kg·m/s,20 kg·m/s,9 kg·m/s,2,p = mv = 4 × 5.,JAMB past (adapted)
physics,Physics,ss1,science,Forces,1,A body in equilibrium has resultant force,double its weight,maximum,zero,equal to friction always,2,Equilibrium → ΣF = 0.,JAMB past (adapted)
physics,Physics,ss2,science,Forces,2,The force that always opposes motion between surfaces is,gravity,tension,friction,upthrust,2,Friction opposes relative motion.,JAMB past (adapted)
physics,Physics,ss2,science,Forces,2,The moment of a force is the product of force and,velocity,mass,time,perpendicular distance from pivot,3,Moment = F × d.,JAMB past (adapted)
physics,Physics,ss3,science,Forces,3,A 10 N force acts 2 m from a pivot. The moment is,12 N·m,20 N·m,5 N·m,0.2 N·m,1,10 × 2 = 20 N·m.,JAMB past (adapted)
physics,Physics,ss3,science,Forces,3,"For a body floating in water, upthrust equals the",weight of the body,volume of the body,mass of water in the tank,density of the body,0,Archimedes/floatation principle.,JAMB past (adapted)
physics,Physics,ss1,science,Energy & Power,1,The SI unit of work/energy is the,newton,joule,ampere,watt,1,1 J = 1 N·m.,JAMB past (adapted)
physics,Physics,ss1,science,Energy & Power,1,Energy stored in a stretched catapult is mainly,chemical,elastic potential,nuclear,kinetic,1,Strained elastic stores PE.,JAMB past (adapted)
physics,Physics,ss2,science,Energy & Power,2,A boy of mass 40 kg climbs 5 m in 10 s. His power output is (g = 10 m/s²),100 W,200 W,20 W,2000 W,1,P = mgh/t = 40×10×5/10.,JAMB past (adapted)
physics,Physics,ss2,science,Energy & Power,2,The kinetic energy of a 2 kg mass at 3 m/s is,6 J,9 J,18 J,3 J,1,KE = ½mv² = ½×2×9.,JAMB past (adapted)
physics,Physics,ss2,science,Energy & Power,2,A machine does 600 J of work in 12 s. Its power is,25 W,50 W,5 W,7200 W,1,P = W/t = 600/12.,JAMB past (adapted)
physics,Physics,ss3,science,Energy & Power,3,A machine with efficiency 80% receives 500 J. Useful output is,625 J,500 J,100 J,400 J,3,0.8 × 500 = 400 J.,JAMB past (adapted)
physics,Physics,ss3,science,Energy & Power,3,A 60 W lamp runs for 10 s. Energy used is,600 J,70 J,0.6 J,6 J,0,E = Pt = 60 × 10.,JAMB past (adapted)
physics,Physics,ss1,science,Heat,1,Heat transfer through a metal rod without movement of the material is,radiation,evaporation,convection,conduction,3,Solids conduct.,JAMB past (adapted)
physics,Physics,ss1,science,Heat,1,Heat transfer that requires a fluid medium is,conduction,insulation,convection,radiation,2,Convection currents in fluids.,JAMB past (adapted)
physics,Physics,ss2,science,Heat,2,The transfer of heat without any medium is,diffusion,convection,conduction,radiation,3,Radiation — EM waves.,JAMB past (adapted)
physics,Physics,ss2,science,Heat,2,The melting point of ice at standard pressure is,32°C,−10°C,100°C,0°C,3,Ice melts at 0°C.,JAMB past (adapted)
physics,Physics,ss3,science,Heat,3,Land and sea breezes are caused by,convection,reflection,conduction,radiation only,0,Air circulates by convection.,JAMB past (adapted)
physics,Physics,ss2,science,Heat,2,Temperature is a measure of the,mass of a body,density of a body,average kinetic energy of particles,total heat in a body,2,Temperature ∝ mean KE.,JAMB past (adapted)
physics,Physics,ss1,science,Waves & Sound,1,Sound cannot travel through,a vacuum,air,water,steel,0,Sound needs a medium.,JAMB past (adapted)
physics,Physics,ss2,science,Waves & Sound,2,The unit of frequency is the,decibel,second,hertz,metre,2,1 Hz = 1 cycle/s.,JAMB past (adapted)
physics,Physics,ss2,science,Waves & Sound,2,A wave with frequency 50 Hz and wavelength 4 m has speed,200 m/s,0.08 m/s,12.5 m/s,54 m/s,0,v = fλ = 50 × 4.,JAMB past (adapted)
physics,Physics,ss2,science,Waves & Sound,2,Sound travels fastest in,vacuum,steel,water,air,1,Speed: solids > liquids > gases.,JAMB past (adapted)
physics,Physics,ss3,science,Waves & Sound,3,Echo is caused by the ___ of sound,reflection,absorption,diffraction,refraction,0,Echo = reflected sound.,JAMB past (adapted)
physics,Physics,ss3,science,Waves & Sound,3,The audible frequency range for humans is about,0 Hz – 20 Hz,20 Hz – 20 kHz,2 Hz – 200 Hz,20 kHz – 200 kHz,1,Standard audible range.,JAMB past (adapted)
physics,Physics,ss1,science,Light & Optics,1,Light travels in,random paths,straight lines in a uniform medium,waves only around objects,circles,1,Rectilinear propagation.,JAMB past (adapted)
physics,Physics,ss1,science,Light & Optics,1,The image formed by a plane mirror is,virtual and laterally inverted,virtual and upside-down,real and upright,real and inverted,0,Plane mirror image properties.,JAMB past (adapted)
physics,Physics,ss2,science,Light & Optics,2,A concave mirror is also called a,diverging mirror,converging mirror,parabolic lens,plane mirror,1,Concave converges light.,JAMB past (adapted)
physics,Physics,ss2,science,Light & Optics,2,"When light passes from air into glass, its",colour changes,speed increases,speed decreases,frequency decreases,2,Optically denser → slower.,JAMB past (adapted)
physics,Physics,ss3,science,Light & Optics,3,White light passing through a prism splits into,seven colours,white again,invisible rays,two colours,0,Dispersion — ROYGBIV.,JAMB past (adapted)
physics,Physics,ss3,science,Light & Optics,3,The focal length of a lens is the distance from the lens to the,eye,optical centre of another lens,object,principal focus,3,Definition of focal length.,JAMB past (adapted)
physics,Physics,ss1,science,Electricity,1,The unit of electric current is the,coulomb,ohm,ampere,volt,2,Ampere = C/s.,JAMB past (adapted)
physics,Physics,ss1,science,Electricity,1,The instrument for measuring current is the,ohmmeter,ammeter,galvanometer only,voltmeter,1,Ammeter in series.,JAMB past (adapted)
physics,Physics,ss2,science,Electricity,2,A current of 2 A flows through a 6 Ω resistor. The p.d. across it is,0.33 V,3 V,12 V,8 V,2,V = IR = 2 × 6.,JAMB past (adapted)
physics,Physics,ss2,science,Electricity,2,Three 3 Ω resistors in series give a total resistance of,3 Ω,1 Ω,6 Ω,9 Ω,3,Series resistances add.,JAMB past (adapted)
physics,Physics,ss2,science,Electricity,2,Two 4 Ω resistors in parallel give,4 Ω,2 Ω,16 Ω,8 Ω,1,Equal parallel halves: 4/2.,JAMB past (adapted)
physics,Physics,ss3,science,Electricity,3,A 12 V battery drives 3 A through a lamp. The lamp's resistance is,4 Ω,0.25 Ω,36 Ω,15 Ω,0,R = V/I = 12/3.,JAMB past (adapted)
physics,Physics,ss3,science,Electricity,3,Electrical energy in kWh for a 2 kW heater running 3 h is,5 kWh,6 kWh,1.5 kWh,60 kWh,1,E = Pt = 2 × 3.,JAMB past (adapted)
physics,Physics,ss2,science,Electricity,2,Like electric charges,attract,repel,neutralise,combine,1,Like charges repel.,JAMB past (adapted)
physics,Physics,ss2,science,Electromagnetism,2,A moving coil galvanometer works on the principle of,force on a current-carrying conductor in a magnetic field,resonance,electrostatic induction,chemical action,0,Motor effect.,JAMB past (adapted)
physics,Physics,ss3,science,Electromagnetism,3,"In a step-down transformer, the secondary coil has",equal turns,more turns,fewer turns than the primary,no turns,2,Step-down lowers voltage.,JAMB past (adapted)
physics,Physics,ss2,science,Electromagnetism,2,An electric motor converts electrical energy mainly to,mechanical energy,heat only,chemical energy,light,0,Motor → motion.,JAMB past (adapted)
physics,Physics,ss2,science,Modern Physics,2,The charge on an electron is,positive,neutral,negative,variable,2,e = −1.6 × 10⁻¹⁹ C.,JAMB past (adapted)
physics,Physics,ss2,science,Modern Physics,2,The particle with no charge in the nucleus is the,electron,positron,neutron,proton,2,Neutron is neutral.,JAMB past (adapted)
physics,Physics,ss3,science,Modern Physics,3,The half-life of a radioactive element is the time for,mass to double,radioactivity to stop,half the atoms to decay,all atoms to decay,2,Definition of half-life.,JAMB past (adapted)
physics,Physics,ss3,science,Modern Physics,3,An alpha particle is identical to a,hydrogen atom,photon,helium nucleus,electron,2,⁴₂He nucleus.,JAMB past (adapted)
physics,Physics,ss2,science,Modern Physics,2,X-rays are,particles of matter,sound waves,electromagnetic waves,radio waves only,2,X-rays — EM radiation.,JAMB past (adapted)
physics,Physics,ss2,science,Pressure,2,A force of 200 N acts on an area of 4 m². The pressure is,800 Pa,50 Pa,0.02 Pa,204 Pa,1,P = F/A = 200/4.,JAMB past (adapted)
physics,Physics,ss2,science,Pressure,2,Pressure in a liquid increases with,container shape,colour,depth,breadth,2,P = ρgh.,JAMB past (adapted)
physics,Physics,ss3,science,Pressure,3,A hydraulic press works because pressure is transmitted,as velocity,equally throughout an enclosed liquid,only upwards,only to the small piston,1,Pascal's principle.,JAMB past (adapted)
economics,Economics,ss1,commercial,Basic Concepts,1,Economics is best defined as the study of,making money,selling goods,allocating scarce resources among competing wants,banking systems,2,Scarcity → choice → allocation.,JAMB past (adapted)
economics,Economics,ss1,commercial,Basic Concepts,1,Wants are said to be insatiable because they are,cheap,few,equal,unlimited,3,Human wants are endless.,JAMB past (adapted)
economics,Economics,ss2,commercial,Basic Concepts,2,Opportunity cost is the,money cost only,total cost,forgone alternative,average cost,2,Next best alternative sacrificed.,JAMB past (adapted)
economics,Economics,ss2,commercial,Basic Concepts,2,The basic economic problem is,scarcity,taxation,population,inflation,0,Scarcity is central.,JAMB past (adapted)
economics,Economics,ss1,commercial,Demand & Supply,1,The law of demand states that price and quantity demanded are,unrelated,directly related,inversely related,always equal,2,Higher price → lower demand.,JAMB past (adapted)
economics,Economics,ss1,commercial,Demand & Supply,1,The law of supply states that price and quantity supplied are,inversely related,unrelated,negative,directly related,3,Higher price → more supplied.,JAMB past (adapted)
economics,Economics,ss2,commercial,Demand & Supply,2,Market equilibrium occurs where demand ___ supply,doubles,exceeds,is less than,equals,3,Equilibrium: Qd = Qs.,JAMB past (adapted)
economics,Economics,ss2,commercial,Demand & Supply,2,A fall in the price of a commodity will normally cause its quantity demanded to,vanish,stay constant,rise,fall,2,Movement along the demand curve.,JAMB past (adapted)
economics,Economics,ss3,commercial,Demand & Supply,3,"If two goods are substitutes, a rise in the price of one will",lower demand for the other,raise demand for the other,eliminate the other,not affect the other,1,Substitutes — cross demand rises.,JAMB past (adapted)
economics,Economics,ss3,commercial,Demand & Supply,3,An increase in the cost of production shifts the supply curve to the,right,left,x-axis,origin,1,Higher cost → less supplied at each price.,JAMB past (adapted)
economics,Economics,ss2,commercial,Elasticity,2,Demand for salt is generally,perfectly elastic,elastic,inelastic,unitary,2,Necessity with no close substitute.,JAMB past (adapted)
economics,Economics,ss2,commercial,Elasticity,2,"If a small price change causes a large change in quantity demanded, demand is",static,elastic,inelastic,zero,1,Definition of elastic demand.,JAMB past (adapted)
economics,Economics,ss3,commercial,Elasticity,3,Elasticity of demand equals 1 at the ___ of a straight-line demand curve,lower end,upper end,midpoint,origin,2,Unit elasticity at midpoint.,JAMB past (adapted)
economics,Economics,ss2,commercial,Theory of Production,2,Fixed costs are costs that,rise with output,equal revenue,do not vary with output,are always zero,2,e.g. rent — fixed in short run.,JAMB past (adapted)
economics,Economics,ss2,commercial,Theory of Production,2,"In the short run, at least one factor of production is",variable,absent,fixed,free,2,Short-run definition.,JAMB past (adapted)
economics,Economics,ss3,commercial,Theory of Production,3,The law of diminishing returns applies in the,public sector,long run,market period only,short run,3,Diminishing returns = short run.,JAMB past (adapted)
economics,Economics,ss2,commercial,Theory of Production,2,Total cost equals fixed cost plus,marginal revenue,profit,variable cost,average cost,2,TC = TFC + TVC.,JAMB past (adapted)
economics,Economics,ss1,commercial,Business Organisations,1,A business owned by one person is a,sole proprietorship,partnership,public company,cooperative,0,One-owner business.,JAMB past (adapted)
economics,Economics,ss2,commercial,Business Organisations,2,"In a partnership, the maximum number of partners in ordinary business (Nigeria, CAMA) is conventionally",20,2,50,100,0,Companies Act limit for non-banking partnerships.,JAMB past (adapted)
economics,Economics,ss2,commercial,Business Organisations,2,Shares in a public limited company are,freely transferable on the stock exchange,family-held only,never sold,government-owned,0,Plc shares trade publicly.,JAMB past (adapted)
economics,Economics,ss2,commercial,Market Structures,2,A market with a single seller is,monopoly,oligopoly,duopoly,perfect competition,0,Mono = one seller.,JAMB past (adapted)
economics,Economics,ss2,commercial,Market Structures,2,Perfect competition requires,entry barriers,one seller,product differentiation,many buyers and sellers of a homogeneous product,3,Many + identical goods.,JAMB past (adapted)
economics,Economics,ss3,commercial,Market Structures,3,A few large firms dominating a market is,oligopoly,perfect competition,bilateral monopoly,monopoly,0,Oligo = few.,JAMB past (adapted)
economics,Economics,ss2,commercial,National Income,2,GDP is the total value of goods and services produced,by citizens abroad,within a country in a year,by companies only,by government only,1,GDP is geographic.,JAMB past (adapted)
economics,Economics,ss2,commercial,National Income,2,GNP equals GDP plus,taxes,subsidies,depreciation,net income from abroad,3,GNP = GDP + net factor income abroad.,JAMB past (adapted)
economics,Economics,ss3,commercial,National Income,3,Per capita income is national income divided by,population,exports,number of firms,land area,0,Income per head.,JAMB past (adapted)
economics,Economics,ss1,commercial,Money & Banking,1,The functions of money do NOT include,store of value,unit of account,food,medium of exchange,2,Money is not food!,JAMB past (adapted)
economics,Economics,ss1,commercial,Money & Banking,1,The Central Bank of Nigeria issues,import licences,loans to students,private shares,currency,3,Issue function = CBN.,JAMB past (adapted)
economics,Economics,ss2,commercial,Money & Banking,2,A commercial bank's main function is to,print money,fix exchange rates alone,set taxes,accept deposits and make loans,3,Financial intermediation.,JAMB past (adapted)
economics,Economics,ss2,commercial,Money & Banking,2,The lender of last resort is the,World Bank,merchant bank,Central Bank,commercial bank,2,CBN backs banks.,JAMB past (adapted)
economics,Economics,ss3,commercial,Money & Banking,3,"When the CBN raises the cash reserve ratio, the money supply",falls,doubles,is unchanged,rises,0,Higher reserve → less lending.,JAMB past (adapted)
economics,Economics,ss2,commercial,Inflation,2,A persistent rise in the general price level is,inflation,recession,stagflation,deflation,0,Definition of inflation.,JAMB past (adapted)
economics,Economics,ss2,commercial,Inflation,2,Inflation caused by too much money chasing too few goods is,cost-push,demand-pull,imported,structural,1,Demand-pull inflation.,JAMB past (adapted)
economics,Economics,ss3,commercial,Inflation,3,Inflation caused by rising production costs is,cost-push,creeping,hyper,demand-pull,0,Cost-push.,JAMB past (adapted)
economics,Economics,ss2,commercial,Public Finance,2,A tax whose rate rises as income rises is,direct only,regressive,progressive,proportional,2,Progressive taxation.,JAMB past (adapted)
economics,Economics,ss2,commercial,Public Finance,2,A regressive tax takes a ___ share as income rises,constant,smaller,zero,larger,1,Regressive — burden falls on the poor.,JAMB past (adapted)
economics,Economics,ss3,commercial,Public Finance,3,Government revenue in Nigeria comes mainly from,agriculture,tourism,oil (petroleum) earnings and taxes,school fees,2,Oil dominates revenue.,JAMB past (adapted)
economics,Economics,ss2,commercial,International Trade,2,The difference between visible exports and imports is the,balance of trade,terms of trade,trade cycle,balance of payments,0,Visible goods only.,JAMB past (adapted)
economics,Economics,ss2,commercial,International Trade,2,Balance of payments records,all economic transactions with the rest of the world,only goods trade,only aid,only debts,0,Current + capital accounts.,JAMB past (adapted)
economics,Economics,ss3,commercial,International Trade,3,A tariff on imported goods is mainly to,increase imports,reward exporters,lower prices,protect local industries and raise revenue,3,Protection + revenue.,JAMB past (adapted)
economics,Economics,ss3,commercial,International Trade,3,OPEC is a cartel of,miners,oil exporting countries,bankers,food producers,1,Organization of Petroleum Exporting Countries.,JAMB past (adapted)
economics,Economics,ss2,commercial,Population & Labour,2,The optimum population is the level that gives,zero unemployment,maximum output per head,the largest land area,the most births,1,Optimum → max per-capita welfare.,JAMB past (adapted)
economics,Economics,ss2,commercial,Population & Labour,2,The working population includes those,able and willing to work,under 15 years,retired only,in school only,0,Labour force definition.,JAMB past (adapted)
economics,Economics,ss2,commercial,Economic Development,2,Underdevelopment is characterised by,low per capita income and high dependence on primary production,high literacy,surplus infrastructure,high industrial output,0,Classic features.,JAMB past (adapted)
economics,Economics,ss3,commercial,Economic Development,3,The process of increasing a country's real output and welfare over time is,inflation,economic growth,deflation,devaluation,1,Growth = rising real output.,JAMB past (adapted)
government,Government,ss1,arts,Basic Concepts,1,Government may be defined as the body that,makes and enforces laws for a state,sells goods,owns all land,builds churches,0,Government = machinery of state.,JAMB past (adapted)
government,Government,ss1,arts,Basic Concepts,1,"The three organs of government are legislature, executive and",army,judiciary,police,civil service,1,Three arms of government.,JAMB past (adapted)
government,Government,ss2,arts,Basic Concepts,2,The principle separating powers among the three organs is,devolution,separation of powers,checks and balances only,federalism,1,Montesquieu's doctrine.,JAMB past (adapted)
government,Government,ss2,arts,Basic Concepts,2,A constitution is a body of,military decrees,fundamental principles by which a state is governed,party rules,ordinary laws,1,Definition of constitution.,JAMB past (adapted)
government,Government,ss2,arts,Basic Concepts,2,"Democracy is government of the people, by the people and for the",army,judges,elite,people,3,Lincoln's definition.,JAMB past (adapted)
government,Government,ss3,arts,Basic Concepts,3,A system where power is shared between central and component governments is,monarchy,confederalism,unitarism,federalism,3,Federalism — shared powers.,JAMB past (adapted)
government,Government,ss3,arts,Basic Concepts,3,"In a unitary system, power resides",with traditional rulers,with the regions,mainly with the central government,with the states,2,Unitary — centre supreme.,JAMB past (adapted)
government,Government,ss2,arts,Pre-colonial Nigeria,2,The Sokoto Caliphate was founded by,Usman dan Fodio,Othman dan Fodio's son,Nnamdi Azikiwe,Lord Lugard,0,"Usman dan Fodio, 1804.",JAMB past (adapted)
government,Government,ss2,arts,Pre-colonial Nigeria,2,The Indirect Rule system used,soldiers,foreign judges,party chairmen,traditional rulers,3,Native authorities governed for the British.,JAMB past (adapted)
government,Government,ss3,arts,Pre-colonial Nigeria,3,The 1914 amalgamation of Northern and Southern Nigeria was carried out by,Abubakar Tafawa Balewa,Flora Shaw,Frederick Lugard,Nnamdi Azikiwe,2,Lugard amalgamated 1914.,JAMB past (adapted)
government,Government,ss3,arts,Pre-colonial Nigeria,3,Pre-colonial Igbo political system was largely,theocratic,acephalous (no centralised head),monarchical,colonial,1,Segmentary/acephalous.,JAMB past (adapted)
government,Government,ss2,arts,Pre-colonial Nigeria,2,The Yoruba pre-colonial political system centred on the,Emir,Oba,Eze,President,1,Oba in council.,JAMB past (adapted)
government,Government,ss2,arts,Constitutional Development,2,The Clifford Constitution of 1922 introduced,federalism,universal adult suffrage,independence,elective principle,3,"Four elected seats, 1922.",JAMB past (adapted)
government,Government,ss3,arts,Constitutional Development,3,The 1954 Lyttleton Constitution introduced,federalism,regionalism only,direct election,republicanism,0,1954 — federal structure.,JAMB past (adapted)
government,Government,ss2,arts,Constitutional Development,2,Nigeria became independent on,27 May 1999,1 January 1914,1 October 1963,1 October 1960,3,Independence: 1 Oct 1960.,JAMB past (adapted)
government,Government,ss2,arts,Constitutional Development,2,Nigeria became a republic in,1963,1979,1960,1999,0,Republic: 1 Oct 1963.,JAMB past (adapted)
government,Government,ss3,arts,Constitutional Development,3,The 1979 Constitution introduced the,confederation,parliamentary system,monarchy,presidential system,3,"Executive president, 1979.",JAMB past (adapted)
government,Government,ss3,arts,Constitutional Development,3,The current constitution of Nigeria was enacted in,1999,1989,1963,1979,0,1999 Constitution (as amended).,JAMB past (adapted)
government,Government,ss2,arts,Political Parties,2,The first political party in Nigeria was the,NCNC,NNDP,AG,NPC,1,"Herbert Macaulay's NNDP, 1923.",JAMB past (adapted)
government,Government,ss2,arts,Political Parties,2,The NCNC was led mainly by,Ahmadu Bello,Obafemi Awolowo,Tafawa Balewa,Nnamdi Azikiwe,3,Azikiwe — NCNC.,JAMB past (adapted)
government,Government,ss2,arts,Political Parties,2,The Northern People's Congress (NPC) was led by,Ernest Ikoli,Ahmadu Bello,Nnamdi Azikiwe,Obafemi Awolowo,1,Sardauna — NPC.,JAMB past (adapted)
government,Government,ss3,arts,Political Parties,3,The Action Group grew out of the,NPC youth wing,NCYC,NNDP,Egbe Omo Oduduwa,3,AG from Yoruba cultural union.,JAMB past (adapted)
government,Government,ss3,arts,Political Parties,3,The 1993 presidential election presumed won by Abiola was annulled by,Obasanjo,Abacha,Babangida's military government,Shonekan,2,"June 12, 1993 annulment.",JAMB past (adapted)
government,Government,ss1,arts,Institutions,1,The legislature at the federal level in Nigeria is called the,National Assembly,House of Lords,Parliament of Nigeria,Congress,0,Senate + House of Reps.,JAMB past (adapted)
government,Government,ss2,arts,Institutions,2,The body that conducts elections in Nigeria is,NAFDAC,EFCC,INEC,NDLEA,2,Independent National Electoral Commission.,JAMB past (adapted)
government,Government,ss2,arts,Institutions,2,The highest court in Nigeria is the,Sharia Court of Appeal,Court of Appeal,High Court,Supreme Court,3,Supreme Court is apex.,JAMB past (adapted)
government,Government,ss2,arts,Institutions,2,The executive arm of government is headed in Nigeria by the,Speaker,Chief Justice,President,Senate President,2,President is head of executive.,JAMB past (adapted)
government,Government,ss3,arts,Institutions,3,The doctrine that lets each arm check the others is,separation only,rule of law,delegated legislation,checks and balances,3,Mutual checks.,JAMB past (adapted)
government,Government,ss2,arts,Citizenship & Rights,2,"Nigerian citizenship can be acquired by birth, registration and",naturalisation,employment,marriage only,application to a court only,0,Three modes: birth/registration/naturalisation.,JAMB past (adapted)
government,Government,ss2,arts,Citizenship & Rights,2,Chapter IV of the 1999 Constitution contains,fundamental human rights,the flag,the legislative powers,directive principles,0,Rights are in Chapter IV.,JAMB past (adapted)
government,Government,ss3,arts,Citizenship & Rights,3,The age of majority for voting in Nigeria is,21,16,18,25,2,18 years to vote.,JAMB past (adapted)
government,Government,ss2,arts,Local Government,2,The main reason for creating local governments is to,employ soldiers,replace states,increase taxes,bring government closer to the people,3,Grassroots governance.,JAMB past (adapted)
government,Government,ss2,arts,Foreign Policy,2,Nigeria's foreign policy's central principle is,alliance with Europe only,isolationism,Africa as the centre-piece,neutrality in everything,2,Afro-centrism.,JAMB past (adapted)
government,Government,ss2,arts,Foreign Policy,2,ECOWAS was formed in,1963,1999,1960,1975,3,"Lagos Treaty, May 1975.",JAMB past (adapted)
government,Government,ss2,arts,Foreign Policy,2,ECOWAS headquarters is in,Accra,Abuja,Lomé,Lagos,1,"Abuja, Nigeria.",JAMB past (adapted)
government,Government,ss3,arts,Foreign Policy,3,"The OAU, predecessor of the African Union, was formed in",1980,2002,1963,1957,2,"Addis Ababa, 1963.",JAMB past (adapted)
government,Government,ss3,arts,Foreign Policy,3,Nigeria joined the United Nations in,1960,1963,1975,1914,0,"Independence year, 1960.",JAMB past (adapted)
government,Government,ss2,arts,Political Ideas,2,Franchise means the,right to vote,duty to pay tax,right to rule,right to work,0,Suffrage = vote.,JAMB past (adapted)
government,Government,ss3,arts,Political Ideas,3,A government in which the military rules by decree is,federal,democratic,confederal,authoritarian,3,Military rule is authoritarian.,JAMB past (adapted)
geography,Geography,ss1,arts,The Earth,1,The earth's shape is best described as a,perfect circle,flat disc,sphere slightly flattened at the poles,cube,2,Oblate spheroid.,WAEC past (adapted)
geography,Geography,ss1,arts,The Earth,1,The imaginary line at 0° latitude is the,tropic,axis,prime meridian,equator,3,Equator = 0° latitude.,WAEC past (adapted)
geography,Geography,ss2,arts,The Earth,2,The rotation of the earth causes,the seasons,eclipses,day and night,earthquakes,2,Rotation → day/night.,WAEC past (adapted)
geography,Geography,ss2,arts,The Earth,2,The revolution of the earth round the sun causes,the seasons,winds,tides,day and night,0,Revolution + tilt → seasons.,WAEC past (adapted)
geography,Geography,ss3,arts,The Earth,3,The Prime Meridian passes through,Paris,Equator,Lagos,Greenwich,3,"Greenwich, London — 0° longitude.",WAEC past (adapted)
geography,Geography,ss1,arts,Rocks & Landforms,1,Rocks formed from molten magma are,metamorphic,sedimentary,igneous,organic,2,Igneous — cooled magma.,WAEC past (adapted)
geography,Geography,ss1,arts,Rocks & Landforms,1,Rocks formed from accumulated sediments are,igneous,sedimentary,volcanic,metamorphic,1,Sedimentary — layers.,WAEC past (adapted)
geography,Geography,ss2,arts,Rocks & Landforms,2,Marble is a ___ rock,igneous,metamorphic,sedimentary,artificial,1,Limestone → marble.,WAEC past (adapted)
geography,Geography,ss2,arts,Rocks & Landforms,2,A mass movement of soil down a slope under gravity is,weathering,deposition,erosion,landslide,3,Landslide = mass wasting.,WAEC past (adapted)
geography,Geography,ss3,arts,Rocks & Landforms,3,Karst topography is associated with ___ rocks,basalt,granite,limestone,sandstone,2,Limestone solution features.,WAEC past (adapted)
geography,Geography,ss1,arts,Weather & Climate,1,The instrument for measuring temperature is the,barometer,anemometer,thermometer,hygrometer,2,Thermometer.,WAEC past (adapted)
geography,Geography,ss1,arts,Weather & Climate,1,The instrument for measuring rainfall is the,thermometer,rain gauge,barometer,wind vane,1,Rain gauge.,WAEC past (adapted)
geography,Geography,ss2,arts,Weather & Climate,2,Wind direction is measured with a,rain gauge,wind vane,hygrometer,barometer,1,Wind vane.,WAEC past (adapted)
geography,Geography,ss2,arts,Weather & Climate,2,Nigeria's climate is mainly,temperate,Mediterranean,arctic,tropical,3,Tropical — wet/dry seasons.,WAEC past (adapted)
geography,Geography,ss3,arts,Weather & Climate,3,The dry dusty wind that blows from the Sahara toward West Africa in the harmattan is called the,Harmattan,Chinook,Föhn,Monsoon,0,Harmattan — NE trade wind.,WAEC past (adapted)
geography,Geography,ss3,arts,Weather & Climate,3,Convectional rainfall is most common in the,tropics,deserts,polar regions,tundra,0,Tropical convection storms.,WAEC past (adapted)
geography,Geography,ss1,arts,Vegetation,1,The densest Nigerian vegetation belt is the,mangrove/rainforest belt,Sahel savanna,montane,desert,0,South — mangrove & rainforest.,WAEC past (adapted)
geography,Geography,ss2,arts,Vegetation,2,Vegetation gets sparser moving ___ in Nigeria,northward,seaward,upriver,southward,0,Rainfall drops northward.,WAEC past (adapted)
geography,Geography,ss2,arts,Vegetation,2,Sahel savanna lies in Nigeria's,middle belt only,Niger Delta,coastal south-west,extreme north-east,3,North-east fringe.,WAEC past (adapted)
geography,Geography,ss3,arts,Vegetation,3,Montane vegetation is found in the,eastern highlands (e.g. Obudu/Mambilla),Sahel,Niger Delta,Lagos coast,0,Highland areas.,WAEC past (adapted)
geography,Geography,ss1,arts,Population & Settlement,1,Nigeria's most populous city is,Ibadan,Lagos,Kano,Abuja,1,Lagos — largest city.,WAEC past (adapted)
geography,Geography,ss2,arts,Population & Settlement,2,A settlement that is long and narrow along a road or river is,linear,isolated,nucleated,dispersed,0,Linear pattern.,WAEC past (adapted)
geography,Geography,ss2,arts,Population & Settlement,2,Nigeria's population census history makes planning hard mainly because of,unreliable/incomplete census data,too many cities,no borders,too few people,0,Census controversy.,WAEC past (adapted)
geography,Geography,ss3,arts,Population & Settlement,3,The term 'population density' means,people per unit area of land,urban share,total number of people,births per year,0,Density = population ÷ area.,WAEC past (adapted)
geography,Geography,ss1,arts,Resources & Industry,1,Nigeria's chief mineral export is,crude oil,tin,gold,coal,0,Petroleum dominates.,WAEC past (adapted)
geography,Geography,ss2,arts,Resources & Industry,2,Nigeria's crude oil is found mainly in the,Niger Delta,Jos Plateau,Obudu hills,Sahara,0,Niger Delta basin.,WAEC past (adapted)
geography,Geography,ss2,arts,Resources & Industry,2,Coal in Nigeria is mined mainly at,Kano,Enugu,Warri,Jos,1,Enugu coal fields.,WAEC past (adapted)
geography,Geography,ss2,arts,Resources & Industry,2,Iron ore is mined at,Itakpe,Sokoto,Bonny,Kaura Namoda,0,"Itakpe, Kogi State.",WAEC past (adapted)
geography,Geography,ss3,arts,Resources & Industry,3,A major problem of Nigeria's solid minerals sector is,too many minerals,excess refining,no demand,illegal/smallscale mining and poor data,3,Artisanal mining dominates.,WAEC past (adapted)
geography,Geography,ss1,arts,Regional Geography,1,The highest mountain in Africa is,Kenya,Cameroun,Kilimanjaro,Everest,2,"Kilimanjaro, Tanzania (5,895 m).",WAEC past (adapted)
geography,Geography,ss1,arts,Regional Geography,1,The longest river in Africa is the,Nile,Zambezi,Congo,Niger,0,"Nile ≈ 6,650 km.",WAEC past (adapted)
geography,Geography,ss2,arts,Regional Geography,2,The Niger River enters Nigeria from,Cameroon mountains,the north-west (through Kwara/Niger area),the east,the south,1,"Enters NW, loops to delta.",WAEC past (adapted)
geography,Geography,ss2,arts,Regional Geography,2,The largest desert in the world is the,Gobi,Kalahari,Namib,Sahara,3,Sahara — largest hot desert.,WAEC past (adapted)
geography,Geography,ss3,arts,Regional Geography,3,"Lake Chad is shared by Nigeria, Niger, Chad and",Ghana,Cameroon,Mali,Benin,1,Cameroon is the fourth.,WAEC past (adapted)
geography,Geography,ss2,arts,Map Reading,2,"On a topographic map, contour lines that are close together indicate",gentle slope,a valley only,steep slope,flat plain,2,Close contours = steep.,WAEC past (adapted)
geography,Geography,ss3,arts,Map Reading,3,A map scale of 1:50 000 means 1 cm on the map represents,0.5 km on the ground,50 m,5 km,50 km,0,1 cm = 50 000 cm = 0.5 km.,WAEC past (adapted)
literature-in-english,Literature-in-English,ss1,arts,Literary Terms,1,A direct comparison between two things using 'like' or 'as' is a,simile,hyperbole,personification,metaphor,0,Simile uses like/as.,JAMB past (adapted)
literature-in-english,Literature-in-English,ss1,arts,Literary Terms,1,An implied comparison without 'like' or 'as' is a,irony,simile,metaphor,euphemism,2,Metaphor equates directly.,JAMB past (adapted)
literature-in-english,Literature-in-English,ss1,arts,Literary Terms,1,Giving human qualities to non-human things is,simile,litotes,metonymy,personification,3,Personification.,JAMB past (adapted)
literature-in-english,Literature-in-English,ss1,arts,Literary Terms,1,A figure of speech that states extreme exaggeration is,irony,pun,understatement,hyperbole,3,Hyperbole = overstatement.,JAMB past (adapted)
literature-in-english,Literature-in-English,ss2,arts,Literary Terms,2,Saying the opposite of what is meant is,irony,simile,imagery,rhyme,0,Verbal irony.,JAMB past (adapted)
literature-in-english,Literature-in-English,ss2,arts,Literary Terms,2,The repetition of initial consonant sounds is,rhythm,assonance,alliteration,onomatopoeia,2,Alliteration.,JAMB past (adapted)
literature-in-english,Literature-in-English,ss2,arts,Literary Terms,2,Words that imitate the sound they describe are,alliteration,metaphor,onomatopoeia,oxymoron,2,"e.g. buzz, crash.",JAMB past (adapted)
literature-in-english,Literature-in-English,ss2,arts,Literary Terms,2,The use of 'part' to represent a whole is,symbol,simile,synecdoche,irony,2,Synecdoche — part for whole.,JAMB past (adapted)
literature-in-english,Literature-in-English,ss3,arts,Literary Terms,3,A mild expression substituted for a harsh one is,paradox,hyperbole,sarcasm,euphemism,3,Euphemism softens.,JAMB past (adapted)
literature-in-english,Literature-in-English,ss3,arts,Literary Terms,3,A seemingly contradictory statement that reveals a truth is a,ode,paradox,meter,pun,1,Paradox.,JAMB past (adapted)
literature-in-english,Literature-in-English,ss3,arts,Literary Terms,3,An expression whose meaning differs from its literal words is an,epigram,acronym,epigraph,idiom,3,Idiom — fixed figurative meaning.,JAMB past (adapted)
literature-in-english,Literature-in-English,ss2,arts,Literary Terms,2,The atmosphere or feeling created in a literary work is the,plot,mood,setting,theme,1,Mood = reader's feeling.,JAMB past (adapted)
literature-in-english,Literature-in-English,ss2,arts,Literary Terms,2,The writer's attitude toward the subject is the,tone,plot,mood,diction,0,Tone = author's attitude.,JAMB past (adapted)
literature-in-english,Literature-in-English,ss1,arts,Literary Terms,1,The main events sequence in a story is the,theme,setting,mood,plot,3,Plot = event structure.,JAMB past (adapted)
literature-in-english,Literature-in-English,ss2,arts,Literary Terms,2,The time and place of a story is its,plot,theme,setting,climax,2,Setting.,JAMB past (adapted)
literature-in-english,Literature-in-English,ss2,arts,Literary Terms,2,The central idea of a literary work is the,plot,mood,cast,theme,3,Theme = central idea.,JAMB past (adapted)
literature-in-english,Literature-in-English,ss3,arts,Literary Terms,3,A story in which characters/actions represent ideas is an,essay,epic,elegy,allegory,3,Allegory.,JAMB past (adapted)
literature-in-english,Literature-in-English,ss1,arts,Genres,1,A poem of mourning is an,elegy,ballad,ode,sonnet,0,Elegy laments the dead.,JAMB past (adapted)
literature-in-english,Literature-in-English,ss1,arts,Genres,1,A 14-line poem is a,epic,ode,sonnet,hymn,2,Sonnet = 14 lines.,JAMB past (adapted)
literature-in-english,Literature-in-English,ss1,arts,Genres,1,A long poem celebrating heroic deeds is an,lyric,epic,haiku,limerick,1,Epic — hero narrative.,JAMB past (adapted)
literature-in-english,Literature-in-English,ss2,arts,Genres,2,A serious drama that ends unhappily is a,comedy,masque,farce,tragedy,3,Tragedy.,JAMB past (adapted)
literature-in-english,Literature-in-English,ss2,arts,Genres,2,"A play that ends happily, often with marriage, is a",tragedy,comedy,melodrama,monodrama,1,Comedy.,JAMB past (adapted)
literature-in-english,Literature-in-English,ss2,arts,Genres,2,A speech by a character alone on stage revealing thoughts is a,aside,soliloquy,dialogue,chorus,1,Soliloquy.,JAMB past (adapted)
literature-in-english,Literature-in-English,ss3,arts,Genres,3,A brief remark heard by the audience but not other characters is an,epilogue,soliloquy,aside,prologue,2,Aside.,JAMB past (adapted)
literature-in-english,Literature-in-English,ss3,arts,Genres,3,The final unravelling of a play's plot is the,exposition,denouement,climax,conflict,1,Denouement.,JAMB past (adapted)
literature-in-english,Literature-in-English,ss2,arts,Genres,2,"A narrative in verse, often sung, telling a story is a",satire,ballad,ode,elegy,1,Ballad.,JAMB past (adapted)
literature-in-english,Literature-in-English,ss2,arts,African Prose,2,'Purple Hibiscus' was written by,Chimamanda Ngozi Adichie,Chinua Achebe,Wole Soyinka,Buchi Emecheta,0,"Adichie, 2003.",JAMB past (adapted)
literature-in-english,Literature-in-English,ss2,arts,African Prose,2,'Things Fall Apart' was written by,Elechi Amadi,Chinua Achebe,Ngugi wa Thiong'o,Ama Ata Aidoo,1,"Achebe, 1958.",JAMB past (adapted)
literature-in-english,Literature-in-English,ss3,arts,African Prose,3,Okonkwo is the protagonist of,Things Fall Apart,The Concubine,The Beautyful Ones,Sozaboy,0,Okonkwo — Umuofia.,JAMB past (adapted)
literature-in-english,Literature-in-English,ss3,arts,African Prose,3,'The Lion and the Jewel' is a play by,Ola Rotimi,J.P. Clark,Wole Soyinka,Chinua Achebe,2,"Soyinka, 1959.",JAMB past (adapted)
literature-in-english,Literature-in-English,ss3,arts,African Prose,3,'Our Husband Has Gone Mad Again' was written by,Ola Rotimi,Wole Soyinka,Femi Osofisan,Zulu Sofola,0,Ola Rotimi.,JAMB past (adapted)
literature-in-english,Literature-in-English,ss2,arts,Drama & Poetry,2,The person who writes a play is the,playwrite,director,playwright,actor,2,Playwright.,JAMB past (adapted)
literature-in-english,Literature-in-English,ss2,arts,Drama & Poetry,2,A poem of praise is a(n),elegy,ode,sonnet sequence,epitaph,1,Ode praises.,JAMB past (adapted)
literature-in-english,Literature-in-English,ss3,arts,Drama & Poetry,3,The pattern of stressed and unstressed syllables in verse is,genre,stanza,metre,rhyme,2,Metre/rhythm.,JAMB past (adapted)
literature-in-english,Literature-in-English,ss2,arts,Drama & Poetry,2,A group of lines in a poem is a,refrain,chorus,stanza,verse novel,2,Stanza.,JAMB past (adapted)
crs,Christian Religious Studies,ss1,arts,Creation & Early History,1,"According to Genesis, God created man on the",seventh day,third day,sixth day,first day,2,Day six — humans created.,WAEC past (adapted)
crs,Christian Religious Studies,ss1,arts,Creation & Early History,1,The first man created was,Moses,Adam,Noah,Abraham,1,"Adam, from dust.",WAEC past (adapted)
crs,Christian Religious Studies,ss2,arts,Creation & Early History,2,The garden where God placed the first couple was,Canaan,Babylon,Eden,Gethsemane,2,Garden of Eden.,WAEC past (adapted)
crs,Christian Religious Studies,ss2,arts,Creation & Early History,2,Cain killed his brother,Abel,Lamech,Enoch,Seth,0,Cain murdered Abel.,WAEC past (adapted)
crs,Christian Religious Studies,ss3,arts,Creation & Early History,3,The flood in Noah's days was God's response to,drought,idol worship only,human wickedness,hunger,2,Evil filled the earth.,WAEC past (adapted)
crs,Christian Religious Studies,ss1,arts,The Patriarchs,1,God called Abraham out of,Egypt,Jerusalem,Damascus,Ur of the Chaldeans,3,Ur — Genesis 12.,WAEC past (adapted)
crs,Christian Religious Studies,ss2,arts,The Patriarchs,2,God promised Abraham descendants as many as the,fish of the Nile,stars of the sky,grains of Pharaoh's store,trees of Eden,1,Stars and sand.,WAEC past (adapted)
crs,Christian Religious Studies,ss2,arts,The Patriarchs,2,Isaac was the son God promised to Abraham and,Hagar,Sarah,Rebekah,Keturah,1,Sarah bore Isaac.,WAEC past (adapted)
crs,Christian Religious Studies,ss2,arts,The Patriarchs,2,Jacob's name was changed to,Abram,Joseph,Israel,Peter,2,Israel — struggles with God.,WAEC past (adapted)
crs,Christian Religious Studies,ss3,arts,The Patriarchs,3,Joseph was sold by his brothers to traders going to,Persia,Rome,Assyria,Egypt,3,Midianite/Ishmaelite caravan.,WAEC past (adapted)
crs,Christian Religious Studies,ss1,arts,Moses & Exodus,1,God appeared to Moses in a burning,bush,altar,tree,city,0,"Burning bush, Horeb.",WAEC past (adapted)
crs,Christian Religious Studies,ss1,arts,Moses & Exodus,1,Moses led Israel out of,Babylon,Assyria,Egypt,Canaan,2,Exodus from Egypt.,WAEC past (adapted)
crs,Christian Religious Studies,ss2,arts,Moses & Exodus,2,The number of plagues on Egypt was,seven,twelve,three,ten,3,Ten plagues.,WAEC past (adapted)
crs,Christian Religious Studies,ss2,arts,Moses & Exodus,2,God gave the Ten Commandments to Israel at,Mount Olivet,Mount Carmel,Mount Sinai,Mount Tabor,2,Sinai/Horeb.,WAEC past (adapted)
crs,Christian Religious Studies,ss3,arts,Moses & Exodus,3,Israel crossed the Red Sea and Pharaoh's army was,converted,drowned,turned back by plague,defeated by Joshua,1,Waters closed on them.,WAEC past (adapted)
crs,Christian Religious Studies,ss1,arts,Kings & Prophets,1,The first king of Israel was,David,Solomon,Samuel,Saul,3,"Saul, anointed by Samuel.",WAEC past (adapted)
crs,Christian Religious Studies,ss1,arts,Kings & Prophets,1,David killed the giant,Nebuchadnezzar,Goliath,Anak,Og,1,Goliath of Gath.,WAEC past (adapted)
crs,Christian Religious Studies,ss2,arts,Kings & Prophets,2,Solomon was famous chiefly for his,armies,wisdom,height,strength,1,Wisdom from God.,WAEC past (adapted)
crs,Christian Religious Studies,ss2,arts,Kings & Prophets,2,The kingdom split after Solomon into Israel and,Edom,Judah,Moab,Syria,1,Ten tribes — Israel; two — Judah.,WAEC past (adapted)
crs,Christian Religious Studies,ss2,arts,Kings & Prophets,2,Elijah defeated the prophets of Baal on Mount,Carmel,Gerizim,Sinai,Zion,0,Carmel contest.,WAEC past (adapted)
crs,Christian Religious Studies,ss3,arts,Kings & Prophets,3,Daniel was thrown into the den of,leopards,snakes,fire,lions,3,Lions' den — Darius.,WAEC past (adapted)
crs,Christian Religious Studies,ss3,arts,Kings & Prophets,3,"The three Hebrew youths thrown into the fiery furnace were Shadrach, Meshach and",Belteshazzar,Abednego,Nadab,Daniel,1,Abednego.,WAEC past (adapted)
crs,Christian Religious Studies,ss2,arts,Kings & Prophets,2,Jonah was swallowed by a,whale shark only,serpent,great fish,crocodile,2,Great fish — three days.,WAEC past (adapted)
crs,Christian Religious Studies,ss1,arts,Life of Christ,1,Jesus was born in,Nazareth,Capernaum,Bethlehem,Jerusalem,2,"Bethlehem, city of David.",WAEC past (adapted)
crs,Christian Religious Studies,ss1,arts,Life of Christ,1,Jesus grew up in,Jericho,Emmaus,Bethlehem,Nazareth,3,Nazareth.,WAEC past (adapted)
crs,Christian Religious Studies,ss2,arts,Life of Christ,2,Jesus was baptized in the river Jordan by,John the Baptist,Nicodemus,Andrew,Peter,0,John baptized Jesus.,WAEC past (adapted)
crs,Christian Religious Studies,ss2,arts,Life of Christ,2,The Sermon on the Mount is recorded mainly in,Acts,Revelation,Romans,Matthew,3,Matthew 5–7.,WAEC past (adapted)
crs,Christian Religious Studies,ss2,arts,Life of Christ,2,Jesus fed five thousand with five loaves and,seven loaves more,three fish,two fish,a lamb,2,"Five loaves, two fish.",WAEC past (adapted)
crs,Christian Religious Studies,ss3,arts,Life of Christ,3,The parable of the Good Samaritan answers the question,who is the greatest,when to fast,who is my neighbour?,how to pray,2,Neighbourliness — Luke 10.,WAEC past (adapted)
crs,Christian Religious Studies,ss3,arts,Life of Christ,3,Jesus was crucified at,Mount Tabor,Gethsemane,Bethany,Golgotha,3,Golgotha — the skull.,WAEC past (adapted)
crs,Christian Religious Studies,ss2,arts,Life of Christ,2,Judas betrayed Jesus with a,kiss,feast,coin,letter,0,Kiss in Gethsemane.,WAEC past (adapted)
crs,Christian Religious Studies,ss2,arts,Life of Christ,2,Jesus rose from the dead on the ___ day,fortieth,second,third,seventh,2,Resurrection day three.,WAEC past (adapted)
crs,Christian Religious Studies,ss1,arts,The Early Church,1,The apostle who denied Jesus three times was,Thomas,John,Peter,Philip,2,Peter's denial.,WAEC past (adapted)
crs,Christian Religious Studies,ss2,arts,The Early Church,2,The Holy Spirit came on the disciples at,Passover,Purim,Pentecost,Tabernacles,2,Day of Pentecost — Acts 2.,WAEC past (adapted)
crs,Christian Religious Studies,ss2,arts,The Early Church,2,Saul's name after conversion was,Barnabas,Peter,Paul,Silas,2,Paul the apostle.,WAEC past (adapted)
crs,Christian Religious Studies,ss3,arts,The Early Church,3,Paul's conversion happened on the road to,Ephesus,Rome,Antioch,Damascus,3,Damascus road.,WAEC past (adapted)
crs,Christian Religious Studies,ss2,arts,The Early Church,2,The first Christian martyr was,James,Peter,Paul,Stephen,3,Stephen — Acts 7.,WAEC past (adapted)
agricultural-science,Agricultural Science,ss1,science,Meaning & Importance,1,Agriculture is best defined as the production of,roads,computers,machines,crops and livestock for man's use,3,Crops + animals.,NECO past (adapted)
agricultural-science,Agricultural Science,ss2,science,Meaning & Importance,2,Agriculture provides raw materials mainly for the ___ industry,agro-allied (processing),mining,banking,shipping,0,e.g. cotton → textiles.,NECO past (adapted)
agricultural-science,Agricultural Science,ss2,science,Meaning & Importance,2,Which is a perennial crop?,Cocoa,Tomato,Maize,Rice,0,Cocoa yields for years.,NECO past (adapted)
agricultural-science,Agricultural Science,ss1,science,Meaning & Importance,1,Crop farming is called,crop husbandry,fishery,animal husbandry,horticulture only,0,Cropping husbandry.,NECO past (adapted)
agricultural-science,Agricultural Science,ss1,science,Crop Production,1,Maize is propagated by,suckers,stems,seeds,bulbs,2,Maize grows from seed.,NECO past (adapted)
agricultural-science,Agricultural Science,ss2,science,Crop Production,2,Cassava is commonly propagated by,stem cuttings,seeds,roots only,leaves,0,Stem cuttings (stakes).,NECO past (adapted)
agricultural-science,Agricultural Science,ss2,science,Crop Production,2,Rice grows best in,saline flats,rocky hills,dry sandy soils,flooded/swampy soils,3,Lowland rice needs water.,NECO past (adapted)
agricultural-science,Agricultural Science,ss3,science,Crop Production,3,Crop rotation mainly helps to,remove all nutrients,increase slope,maintain soil fertility and break pests,dry the soil,2,Rotation restores fertility.,NECO past (adapted)
agricultural-science,Agricultural Science,ss2,science,Crop Production,2,Nitrogen-fixing legumes used in rotation include,maize and sorghum,oil palm,cocoa and kola,cowpea and groundnut,3,Legumes fix N₂.,NECO past (adapted)
agricultural-science,Agricultural Science,ss3,science,Crop Production,3,Weeds are harmful mainly because they,feed birds,add nitrogen,compete with crops for nutrients,look beautiful,2,Competition reduces yield.,NECO past (adapted)
agricultural-science,Agricultural Science,ss1,science,Animal Production,1,A young horse is called a,calf,kid,lamb,foal,3,Foal — horse.,NECO past (adapted)
agricultural-science,Agricultural Science,ss1,science,Animal Production,1,A castrated male cattle is a,bullock,heifer,cow,bull,0,Bullock/steer.,NECO past (adapted)
agricultural-science,Agricultural Science,ss2,science,Animal Production,2,A female pig is called a,doe,sow,ewe,nanny,1,Sow — mature female pig.,NECO past (adapted)
agricultural-science,Agricultural Science,ss2,science,Animal Production,2,Poultry birds are raised mainly for,milk,meat and eggs,hides,wool,1,"Broilers/meat, layers/eggs.",NECO past (adapted)
agricultural-science,Agricultural Science,ss2,science,Animal Production,2,Ruminants such as cattle digest food in the,caecum only,crop,gizzard,rumen (four-chambered stomach),3,Ruminants chew cud.,NECO past (adapted)
agricultural-science,Agricultural Science,ss3,science,Animal Production,3,Newcastle disease attacks,cattle,fish,poultry,goats,2,Viral poultry disease.,NECO past (adapted)
agricultural-science,Agricultural Science,ss3,science,Animal Production,3,The gestation period of a cow is about,3 months,21 days,9 months (283 days),5 months,2,Cow ~283 days.,NECO past (adapted)
agricultural-science,Agricultural Science,ss1,science,Soil Science,1,The best soil for most crops is,loam,clay only,sand only,gravel,0,Loam balances water/air.,NECO past (adapted)
agricultural-science,Agricultural Science,ss1,science,Soil Science,1,"Soil is composed of minerals, organic matter, water and",air,plastic,salt only,sunlight,0,Four components.,NECO past (adapted)
agricultural-science,Agricultural Science,ss2,science,Soil Science,2,Soil texture refers to the proportion of,"sand, silt and clay particles",colours,manure types,roots and shoots,0,Texture = particle sizes.,NECO past (adapted)
agricultural-science,Agricultural Science,ss2,science,Soil Science,2,The decayed organic matter in soil is called,humus,silt,mulch,loam,0,Humus.,NECO past (adapted)
agricultural-science,Agricultural Science,ss3,science,Soil Science,3,Soil pH measures,temperature,depth,colour,acidity or alkalinity,3,pH scale 0–14.,NECO past (adapted)
agricultural-science,Agricultural Science,ss2,science,Soil Science,2,Erosion by water washing away surface soil on slopes is,wind erosion,none,tunnel erosion only,sheet erosion,3,Sheet erosion.,NECO past (adapted)
agricultural-science,Agricultural Science,ss3,science,Soil Science,3,A preventive measure against erosion on slopes is,contour ploughing/terracing,burning stubble,overgrazing,up-and-down ploughing,0,Contour slows runoff.,NECO past (adapted)
agricultural-science,Agricultural Science,ss1,science,Farm Tools & Machines,1,The tool used for digging is the,rake,hoe,sickle,shears,1,Hoe — primary tillage.,NECO past (adapted)
agricultural-science,Agricultural Science,ss1,science,Farm Tools & Machines,1,The sickle is used for,harvesting/cutting cereals,ploughing,spraying,irrigating,0,Harvesting tool.,NECO past (adapted)
agricultural-science,Agricultural Science,ss2,science,Farm Tools & Machines,2,The primitive implement for making ridges is the,mower,hoe,planter,harvester,1,Heaps/ridges with hoe.,NECO past (adapted)
agricultural-science,Agricultural Science,ss2,science,Farm Tools & Machines,2,A sprayer is used to apply,manure only,herbicides/pesticides,water only,seeds,1,Chemical application.,NECO past (adapted)
agricultural-science,Agricultural Science,ss3,science,Farm Tools & Machines,3,The milking machine replaced manual milking mainly to increase,cow weight,herd size,efficiency and hygiene,feed use,2,Speed + cleanliness.,NECO past (adapted)
agricultural-science,Agricultural Science,ss1,science,Agroallied Industry,1,Flour is milled from,fish,palm oil,cocoa,wheat/maize,3,Cereals → flour.,NECO past (adapted)
agricultural-science,Agricultural Science,ss2,science,Agroallied Industry,2,Leather is processed from,cotton,groundnut,cocoa,hides and skins,3,Hides/skins → leather.,NECO past (adapted)
agricultural-science,Agricultural Science,ss2,science,Agroallied Industry,2,Palm oil is obtained from oil palm,kernel shell only,leaves,fruit mesocarp,roots,2,Mesocarp of fruit.,NECO past (adapted)
agricultural-science,Agricultural Science,ss2,science,Agroallied Industry,2,Which industry depends on cocoa farming?,Chocolate/confectionery,Textiles,Shipbuilding,Cement,0,Cocoa → chocolate.,NECO past (adapted)
agricultural-science,Agricultural Science,ss3,science,Agroallied Industry,3,Fish farming in controlled ponds is called,trawling,aquaculture,whaling,hunting,1,Aquaculture/pisciculture.,NECO past (adapted)
civic-education,Civic Education,ss1,general,Values,1,Values are the standards that guide a person's,school only,height,salary,behaviour and choices,3,Values guide conduct.,NECO past (adapted)
civic-education,Civic Education,ss1,general,Values,1,Honesty means being,truthful and sincere,loud,careless,wealthy,0,Truthfulness.,NECO past (adapted)
civic-education,Civic Education,ss2,general,Values,2,Integrity means,doing the right thing even unwatched,being strong,being rich,being popular,0,Moral uprightness.,NECO past (adapted)
civic-education,Civic Education,ss2,general,Values,2,Contentment means being,wasteful,greedy,satisfied with what one has,envious,2,Satisfaction without greed.,NECO past (adapted)
civic-education,Civic Education,ss3,general,Values,3,Discipline in society results mainly in,strikes,exam malpractice,order and progress,poverty,2,Discipline → order.,NECO past (adapted)
civic-education,Civic Education,ss1,general,Citizenship,1,A citizen is a legal member of a,club,state/country,school,church,1,Membership by law.,NECO past (adapted)
civic-education,Civic Education,ss2,general,Citizenship,2,A good citizen obeys the,no laws,laws of the country,only liked laws,foreign laws,1,Obedience to law.,NECO past (adapted)
civic-education,Civic Education,ss2,general,Citizenship,2,One duty of a citizen is to,pay taxes,evade duties,cheat in exams,destroy property,0,Tax is a duty.,NECO past (adapted)
civic-education,Civic Education,ss2,general,Citizenship,2,Voting in elections is both a right and a,crime,business,punishment,responsibility,3,Civic responsibility.,NECO past (adapted)
civic-education,Civic Education,ss3,general,Citizenship,3,Nationalism means,love and loyalty to one's country,obeying foreigners only,leaving the country,hatred of others,0,Patriotism.,NECO past (adapted)
civic-education,Civic Education,ss1,general,Democracy & Rule of Law,1,Rule of law means everybody is,equal before the law,outside the law,under rulers,above the law,0,Equality before law.,NECO past (adapted)
civic-education,Civic Education,ss1,general,Democracy & Rule of Law,1,"In a democracy, power belongs to the",president alone,judges,army,people,3,Popular sovereignty.,NECO past (adapted)
civic-education,Civic Education,ss2,general,Democracy & Rule of Law,2,Periodic elections ensure government,accountability,dictatorship,secrecy,wealth,0,Elections check power.,NECO past (adapted)
civic-education,Civic Education,ss2,general,Democracy & Rule of Law,2,Separation of powers prevents,taxation,abuse of power,elections,citizenship,1,Powers check one another.,NECO past (adapted)
civic-education,Civic Education,ss3,general,Democracy & Rule of Law,3,A coup d'état violates the constitution because it,follows elections,obeys the law,changes government by force,respects courts,2,Unconstitutional takeover.,NECO past (adapted)
civic-education,Civic Education,ss1,general,Rights & Obligations,1,Fundamental human rights are guaranteed in Nigeria's constitution's,Chapter I,Chapter IX,the preamble,Chapter IV,3,Chapter IV — 1999 Constitution.,NECO past (adapted)
civic-education,Civic Education,ss2,general,Rights & Obligations,2,The right to life is a,duty,gift of police,privilege,fundamental right,3,Basic fundamental right.,NECO past (adapted)
civic-education,Civic Education,ss2,general,Rights & Obligations,2,Freedom of expression allows citizens to,incite violence,hold opinions publicly within the law,spread falsehood freely,insult without limits,1,Reasonable limits apply.,NECO past (adapted)
civic-education,Civic Education,ss3,general,Rights & Obligations,3,A citizen whose right is breached may go to,no one,court,the market,a shrine,1,Judicial remedy.,NECO past (adapted)
civic-education,Civic Education,ss2,general,Society Problems,2,Examination malpractice undermines,educational standards,tourism,transport,farming,0,It devalues certificates.,NECO past (adapted)
civic-education,Civic Education,ss2,general,Society Problems,2,Human trafficking is the,teaching trade,movement of goods,legal migration,recruitment and exploitation of persons by force/deceit,3,Exploitative trade in humans.,NECO past (adapted)
civic-education,Civic Education,ss2,general,Society Problems,2,Drug abuse means,buying drugs,use of drugs without medical need,taking prescribed drugs,selling food,1,Non-medical use.,NECO past (adapted)
civic-education,Civic Education,ss3,general,Society Problems,3,HIV is transmitted mainly through,handshakes,mosquitoes,sharing food,"unprotected sex, blood, mother-to-child",3,Body fluids.,NECO past (adapted)
civic-education,Civic Education,ss3,general,Society Problems,3,The agency fighting drug crimes in Nigeria is,NDLEA,NAFDAC,EFCC,INEC,0,NDLEA — drugs.,NECO past (adapted)
civic-education,Civic Education,ss2,general,Society Problems,2,The agency regulating food and drugs in Nigeria is,NAFDAC,CBN,NDLEA,SON only,0,NAFDAC.,NECO past (adapted)
civic-education,Civic Education,ss2,general,Society Problems,2,Cultism in schools leads mainly to,better grades,sport victories,scholarships,violence and destruction,3,Campus violence.,NECO past (adapted)
civic-education,Civic Education,ss1,general,Orderliness & Authority,1,Orderliness means,rushing,jumping queues,shouting,doing things in the proper way at the right time,3,Orderly conduct.,NECO past (adapted)
civic-education,Civic Education,ss2,general,Orderliness & Authority,2,Traffic regulations exist to ensure,faster bribery,safety and order on the roads,more accidents,confusion,1,Road safety.,NECO past (adapted)
civic-education,Civic Education,ss2,general,Orderliness & Authority,2,Queuing at a bus stop shows,fear,orderliness and patience,wealth,weakness,1,Orderly behaviour.,NECO past (adapted)
civic-education,Civic Education,ss3,general,Orderliness & Authority,3,Respect for constituted authority promotes,poverty,anarchy,peace and development,ignorance,2,Legitimacy → stability.,NECO past (adapted)
civic-education,Civic Education,ss1,general,National Symbols,1,The Nigerian national flag has ___ colours,one,four,two,three,2,Green-white-green.,NECO past (adapted)
civic-education,Civic Education,ss1,general,National Symbols,1,The Nigerian coat of arms features an eagle and,two horses,a camel,a leopard,two lions,0,Eagle + two silver horses.,NECO past (adapted)
civic-education,Civic Education,ss2,general,National Symbols,2,The Nigerian national anthem has ___ stanzas,two,one,three,four,0,Two stanzas (1978).,NECO past (adapted)
civic-education,Civic Education,ss2,general,National Symbols,2,The green colour of Nigeria's flag stands for,peace,the army,strength,agriculture/natural wealth,3,Green = agriculture.,NECO past (adapted)
civic-education,Civic Education,ss3,general,National Symbols,3,The Nigerian National Pledge was written in 1976 by,Chinua Achebe,Felicia Adebola Adedoyin,Wole Soyinka,Nnamdi Azikiwe,1,Prof. Felicia A. Adedoyin authored the pledge.,NECO past (adapted)
basic-science,Basic Science,jss3,junior,Living Things,1,"The seven characteristics of life include movement, respiration, nutrition and",reproduction,rusting,floating,burning,0,MR NIGER D.,NECO/JSS past (adapted)
basic-science,Basic Science,jss3,junior,Living Things,1,Plants make their food by the process of,digestion,photosynthesis,germination,respiration,1,Photosynthesis.,NECO/JSS past (adapted)
basic-science,Basic Science,jss3,junior,Living Things,2,The process by which seeds begin to grow is,dispersal,pollination,fertilisation,germination,3,Germination.,NECO/JSS past (adapted)
basic-science,Basic Science,jss3,junior,Living Things,2,Animals that eat only plants are,omnivores,scavengers,carnivores,herbivores,3,Herbivores.,NECO/JSS past (adapted)
basic-science,Basic Science,jss3,junior,Living Things,2,Animals that eat both plants and animals are,herbivores,omnivores,carnivores,parasites,1,Omnivores.,NECO/JSS past (adapted)
basic-science,Basic Science,jss3,junior,Living Things,3,"An insect's body is divided into head, thorax and",wings,legs,abdomen,eyes,2,Three body parts.,NECO/JSS past (adapted)
basic-science,Basic Science,jss3,junior,The Human Body,1,The framework of the body is the,liver,skin,blood,skeleton,3,Skeleton supports.,NECO/JSS past (adapted)
basic-science,Basic Science,jss3,junior,The Human Body,1,The organ that pumps blood is the,lung,heart,kidney,brain,1,Heart pumps.,NECO/JSS past (adapted)
basic-science,Basic Science,jss3,junior,The Human Body,2,Digestion of food begins in the,intestine,liver,stomach,mouth,3,Mouth — saliva.,NECO/JSS past (adapted)
basic-science,Basic Science,jss3,junior,The Human Body,2,The organ that removes wastes from the blood is the,heart,kidney,spleen,brain,1,Kidneys filter.,NECO/JSS past (adapted)
basic-science,Basic Science,jss3,junior,The Human Body,2,Humans normally have ___ pairs of ribs,six,twenty,ten,twelve,3,12 pairs.,NECO/JSS past (adapted)
basic-science,Basic Science,jss3,junior,The Human Body,3,The smallest bone in the human body is in the,back,leg,ear,arm,2,Stapes — middle ear.,NECO/JSS past (adapted)
basic-science,Basic Science,jss3,junior,Matter & Materials,1,"The three states of matter are solid, liquid and",gas,air only,water,light,0,Solid/liquid/gas.,NECO/JSS past (adapted)
basic-science,Basic Science,jss3,junior,Matter & Materials,1,Water boiling into steam is an example of,evaporation,freezing,melting,condensation,0,Liquid → gas.,NECO/JSS past (adapted)
basic-science,Basic Science,jss3,junior,Matter & Materials,2,When steam touches a cold glass it turns to water. This is,evaporation,sublimation,melting,condensation,3,Gas → liquid.,NECO/JSS past (adapted)
basic-science,Basic Science,jss3,junior,Matter & Materials,2,"A change that can easily be reversed, like melting ice, is a",nuclear change,permanent change,physical change,chemical change,2,Physical — no new substance.,NECO/JSS past (adapted)
basic-science,Basic Science,jss3,junior,Matter & Materials,2,Burning paper is a,chemical change,state change,physical change,reversible change,0,New substances form.,NECO/JSS past (adapted)
basic-science,Basic Science,jss3,junior,Matter & Materials,3,Rusting of iron requires air and,salt only,water/moisture,light,oil,1,Air + moisture.,NECO/JSS past (adapted)
basic-science,Basic Science,jss3,junior,Energy,1,The energy of a moving body is,potential energy,sound energy,kinetic energy,heat energy,2,Motion → kinetic.,NECO/JSS past (adapted)
basic-science,Basic Science,jss3,junior,Energy,1,Energy stored in food is,chemical energy,sound energy,nuclear energy,light energy,0,Chemical potential.,NECO/JSS past (adapted)
basic-science,Basic Science,jss3,junior,Energy,2,The Sun is the main source of,tidal only,wind only,light and heat energy,sound energy,2,Solar energy.,NECO/JSS past (adapted)
basic-science,Basic Science,jss3,junior,Energy,2,A torch converts chemical energy mainly to,sound energy,light energy,wind,heat only,1,Battery → light.,NECO/JSS past (adapted)
basic-science,Basic Science,jss3,junior,Energy,3,Friction between surfaces produces,light only,nothing,sound only,heat,3,Rubbing → warmth.,NECO/JSS past (adapted)
basic-science,Basic Science,jss3,junior,Force & Motion,1,A push or pull on an object is a,mass,weight,force,distance,2,Force definition.,NECO/JSS past (adapted)
basic-science,Basic Science,jss3,junior,Force & Motion,2,Gravity pulls objects towards the,sky,sun,sea,earth's centre,3,Weight = gravity on mass.,NECO/JSS past (adapted)
basic-science,Basic Science,jss3,junior,Force & Motion,2,The unit of force is the,metre,kilogram,joule,newton,3,Named after Newton.,NECO/JSS past (adapted)
basic-science,Basic Science,jss3,junior,Force & Motion,3,A moving ball stops eventually because of,gravity only,friction,its colour,its shape,1,Friction opposes motion.,NECO/JSS past (adapted)
basic-science,Basic Science,jss3,junior,Earth & Space,1,The planet we live on is,Earth,Jupiter,Mars,Venus,0,Third planet.,NECO/JSS past (adapted)
basic-science,Basic Science,jss3,junior,Earth & Space,1,The Sun is a,moon,planet,comet,star,3,The Sun is our star.,NECO/JSS past (adapted)
basic-science,Basic Science,jss3,junior,Earth & Space,2,Day and night are caused by the earth's,revolution,rotation,orbit only,tilt,1,Spin on axis.,NECO/JSS past (adapted)
basic-science,Basic Science,jss3,junior,Earth & Space,2,The natural satellite of the earth is the,Milky Way,Mars,Moon,Sun,2,The Moon.,NECO/JSS past (adapted)
basic-science,Basic Science,jss3,junior,Earth & Space,3,A lunar eclipse happens when the earth is between the sun and the,mars,moon,sun,venus,1,Earth's shadow on Moon.,NECO/JSS past (adapted)
basic-science,Basic Science,jss3,junior,Health & Safety,1,Washing hands with soap helps prevent,hair loss,sunburn,disease spread,broken bones,2,Removes germs.,NECO/JSS past (adapted)
basic-science,Basic Science,jss3,junior,Health & Safety,2,Malaria is spread by the ___ mosquito,female Anopheles,housefly,Aedes only,male Culex,0,Female Anopheles.,NECO/JSS past (adapted)
basic-science,Basic Science,jss3,junior,Health & Safety,2,A balanced diet contains all the classes of food in the right,colours,sizes,proportions,tastes,2,Right proportions.,NECO/JSS past (adapted)
basic-science,Basic Science,jss3,junior,Health & Safety,3,Vaccination protects the body by making it produce,sweat,antibodies,hair,faeces,1,Immunity via antibodies.,NECO/JSS past (adapted)
